ISO-10303-21;
HEADER;
/* Generated by software containing ST-Developer
 * from STEP Tools, Inc. (www.steptools.com) 
 */

FILE_DESCRIPTION(
/* description */ (''),
/* implementation_level */ '2;1');

FILE_NAME(
/* name */ 'C:\\myloadpoint\\New-STEP-Files\\KAE03TGGx.stp',
/* time_stamp */ '2025-05-21T09:26:48-05:00',
/* author */ ('mroman'),
/* organization */ (''),
/* preprocessor_version */ 'ST-DEVELOPER v18.1',
/* originating_system */ 'Autodesk Inventor 2022',
/* authorisation */ '');

FILE_SCHEMA (('AUTOMOTIVE_DESIGN { 1 0 10303 214 3 1 1 }'));
ENDSEC;

DATA;
#10=MECHANICAL_DESIGN_GEOMETRIC_PRESENTATION_REPRESENTATION('',(#13),#4849);
#11=SHAPE_REPRESENTATION_RELATIONSHIP('SRR','None',#4855,#12);
#12=ADVANCED_BREP_SHAPE_REPRESENTATION('',(#2987),#4848);
#13=STYLED_ITEM('',(#4864),#2987);
#14=ORIENTED_CLOSED_SHELL('',*,#2984,.F.);
#15=ORIENTED_CLOSED_SHELL('',*,#2985,.F.);
#16=ORIENTED_CLOSED_SHELL('',*,#2986,.F.);
#17=FACE_BOUND('',#329,.T.);
#18=FACE_BOUND('',#376,.T.);
#19=FACE_BOUND('',#400,.T.);
#20=FACE_BOUND('',#408,.T.);
#21=CYLINDRICAL_SURFACE('',#3016,0.0100000000000001);
#22=CYLINDRICAL_SURFACE('',#3020,0.0100000000000001);
#23=CYLINDRICAL_SURFACE('',#3021,0.0349999999999999);
#24=CYLINDRICAL_SURFACE('',#3025,0.035);
#25=CYLINDRICAL_SURFACE('',#3041,0.0100000000000001);
#26=CYLINDRICAL_SURFACE('',#3045,0.0100000000000001);
#27=CYLINDRICAL_SURFACE('',#3046,0.0349999999999999);
#28=CYLINDRICAL_SURFACE('',#3050,0.035);
#29=CYLINDRICAL_SURFACE('',#3066,0.0100000000000001);
#30=CYLINDRICAL_SURFACE('',#3070,0.0100000000000001);
#31=CYLINDRICAL_SURFACE('',#3071,0.0349999999999999);
#32=CYLINDRICAL_SURFACE('',#3075,0.035);
#33=CYLINDRICAL_SURFACE('',#3091,0.0100000000000001);
#34=CYLINDRICAL_SURFACE('',#3095,0.0100000000000001);
#35=CYLINDRICAL_SURFACE('',#3096,0.0349999999999999);
#36=CYLINDRICAL_SURFACE('',#3100,0.035);
#37=CYLINDRICAL_SURFACE('',#3109,0.035);
#38=CYLINDRICAL_SURFACE('',#3115,0.0349999999999999);
#39=CYLINDRICAL_SURFACE('',#3118,0.0100000000000001);
#40=CYLINDRICAL_SURFACE('',#3124,0.0100000000000001);
#41=CYLINDRICAL_SURFACE('',#3134,0.035);
#42=CYLINDRICAL_SURFACE('',#3140,0.0349999999999999);
#43=CYLINDRICAL_SURFACE('',#3143,0.0100000000000001);
#44=CYLINDRICAL_SURFACE('',#3149,0.0100000000000001);
#45=CIRCLE('',#3003,0.0100000000000001);
#46=CIRCLE('',#3004,0.035);
#47=CIRCLE('',#3007,0.0100000000000001);
#48=CIRCLE('',#3008,0.0349999999999999);
#49=CIRCLE('',#3010,0.0100000000000001);
#50=CIRCLE('',#3011,0.0349999999999999);
#51=CIRCLE('',#3014,0.035);
#52=CIRCLE('',#3015,0.0100000000000001);
#53=CIRCLE('',#3028,0.0100000000000001);
#54=CIRCLE('',#3029,0.035);
#55=CIRCLE('',#3032,0.0100000000000001);
#56=CIRCLE('',#3033,0.0349999999999999);
#57=CIRCLE('',#3035,0.0100000000000001);
#58=CIRCLE('',#3036,0.0349999999999999);
#59=CIRCLE('',#3039,0.035);
#60=CIRCLE('',#3040,0.0100000000000001);
#61=CIRCLE('',#3053,0.0100000000000001);
#62=CIRCLE('',#3054,0.035);
#63=CIRCLE('',#3057,0.0100000000000001);
#64=CIRCLE('',#3058,0.0349999999999999);
#65=CIRCLE('',#3060,0.0100000000000001);
#66=CIRCLE('',#3061,0.0349999999999999);
#67=CIRCLE('',#3064,0.035);
#68=CIRCLE('',#3065,0.0100000000000001);
#69=CIRCLE('',#3078,0.0100000000000001);
#70=CIRCLE('',#3079,0.035);
#71=CIRCLE('',#3082,0.0100000000000001);
#72=CIRCLE('',#3083,0.0349999999999999);
#73=CIRCLE('',#3085,0.0100000000000001);
#74=CIRCLE('',#3086,0.0349999999999999);
#75=CIRCLE('',#3089,0.035);
#76=CIRCLE('',#3090,0.0100000000000001);
#77=CIRCLE('',#3110,0.035);
#78=CIRCLE('',#3111,0.035);
#79=CIRCLE('',#3116,0.0349999999999999);
#80=CIRCLE('',#3117,0.0349999999999999);
#81=CIRCLE('',#3119,0.0100000000000001);
#82=CIRCLE('',#3120,0.0100000000000001);
#83=CIRCLE('',#3125,0.0100000000000001);
#84=CIRCLE('',#3126,0.0100000000000001);
#85=CIRCLE('',#3135,0.035);
#86=CIRCLE('',#3136,0.035);
#87=CIRCLE('',#3141,0.0349999999999999);
#88=CIRCLE('',#3142,0.0349999999999999);
#89=CIRCLE('',#3144,0.0100000000000001);
#90=CIRCLE('',#3145,0.0100000000000001);
#91=CIRCLE('',#3150,0.0100000000000001);
#92=CIRCLE('',#3151,0.0100000000000001);
#93=FACE_OUTER_BOUND('',#253,.T.);
#94=FACE_OUTER_BOUND('',#254,.T.);
#95=FACE_OUTER_BOUND('',#255,.T.);
#96=FACE_OUTER_BOUND('',#256,.T.);
#97=FACE_OUTER_BOUND('',#257,.T.);
#98=FACE_OUTER_BOUND('',#258,.T.);
#99=FACE_OUTER_BOUND('',#259,.T.);
#100=FACE_OUTER_BOUND('',#260,.T.);
#101=FACE_OUTER_BOUND('',#261,.T.);
#102=FACE_OUTER_BOUND('',#262,.T.);
#103=FACE_OUTER_BOUND('',#263,.T.);
#104=FACE_OUTER_BOUND('',#264,.T.);
#105=FACE_OUTER_BOUND('',#265,.T.);
#106=FACE_OUTER_BOUND('',#266,.T.);
#107=FACE_OUTER_BOUND('',#267,.T.);
#108=FACE_OUTER_BOUND('',#268,.T.);
#109=FACE_OUTER_BOUND('',#269,.T.);
#110=FACE_OUTER_BOUND('',#270,.T.);
#111=FACE_OUTER_BOUND('',#271,.T.);
#112=FACE_OUTER_BOUND('',#272,.T.);
#113=FACE_OUTER_BOUND('',#273,.T.);
#114=FACE_OUTER_BOUND('',#274,.T.);
#115=FACE_OUTER_BOUND('',#275,.T.);
#116=FACE_OUTER_BOUND('',#276,.T.);
#117=FACE_OUTER_BOUND('',#277,.T.);
#118=FACE_OUTER_BOUND('',#278,.T.);
#119=FACE_OUTER_BOUND('',#279,.T.);
#120=FACE_OUTER_BOUND('',#280,.T.);
#121=FACE_OUTER_BOUND('',#281,.T.);
#122=FACE_OUTER_BOUND('',#282,.T.);
#123=FACE_OUTER_BOUND('',#283,.T.);
#124=FACE_OUTER_BOUND('',#284,.T.);
#125=FACE_OUTER_BOUND('',#285,.T.);
#126=FACE_OUTER_BOUND('',#286,.T.);
#127=FACE_OUTER_BOUND('',#287,.T.);
#128=FACE_OUTER_BOUND('',#288,.T.);
#129=FACE_OUTER_BOUND('',#289,.T.);
#130=FACE_OUTER_BOUND('',#290,.T.);
#131=FACE_OUTER_BOUND('',#291,.T.);
#132=FACE_OUTER_BOUND('',#292,.T.);
#133=FACE_OUTER_BOUND('',#293,.T.);
#134=FACE_OUTER_BOUND('',#294,.T.);
#135=FACE_OUTER_BOUND('',#295,.T.);
#136=FACE_OUTER_BOUND('',#296,.T.);
#137=FACE_OUTER_BOUND('',#297,.T.);
#138=FACE_OUTER_BOUND('',#298,.T.);
#139=FACE_OUTER_BOUND('',#299,.T.);
#140=FACE_OUTER_BOUND('',#300,.T.);
#141=FACE_OUTER_BOUND('',#301,.T.);
#142=FACE_OUTER_BOUND('',#302,.T.);
#143=FACE_OUTER_BOUND('',#303,.T.);
#144=FACE_OUTER_BOUND('',#304,.T.);
#145=FACE_OUTER_BOUND('',#305,.T.);
#146=FACE_OUTER_BOUND('',#306,.T.);
#147=FACE_OUTER_BOUND('',#307,.T.);
#148=FACE_OUTER_BOUND('',#308,.T.);
#149=FACE_OUTER_BOUND('',#309,.T.);
#150=FACE_OUTER_BOUND('',#310,.T.);
#151=FACE_OUTER_BOUND('',#311,.T.);
#152=FACE_OUTER_BOUND('',#312,.T.);
#153=FACE_OUTER_BOUND('',#313,.T.);
#154=FACE_OUTER_BOUND('',#314,.T.);
#155=FACE_OUTER_BOUND('',#315,.T.);
#156=FACE_OUTER_BOUND('',#316,.T.);
#157=FACE_OUTER_BOUND('',#317,.T.);
#158=FACE_OUTER_BOUND('',#318,.T.);
#159=FACE_OUTER_BOUND('',#319,.T.);
#160=FACE_OUTER_BOUND('',#320,.T.);
#161=FACE_OUTER_BOUND('',#321,.T.);
#162=FACE_OUTER_BOUND('',#322,.T.);
#163=FACE_OUTER_BOUND('',#323,.T.);
#164=FACE_OUTER_BOUND('',#324,.T.);
#165=FACE_OUTER_BOUND('',#325,.T.);
#166=FACE_OUTER_BOUND('',#326,.T.);
#167=FACE_OUTER_BOUND('',#327,.T.);
#168=FACE_OUTER_BOUND('',#328,.T.);
#169=FACE_OUTER_BOUND('',#330,.T.);
#170=FACE_OUTER_BOUND('',#331,.T.);
#171=FACE_OUTER_BOUND('',#332,.T.);
#172=FACE_OUTER_BOUND('',#333,.T.);
#173=FACE_OUTER_BOUND('',#334,.T.);
#174=FACE_OUTER_BOUND('',#335,.T.);
#175=FACE_OUTER_BOUND('',#336,.T.);
#176=FACE_OUTER_BOUND('',#337,.T.);
#177=FACE_OUTER_BOUND('',#338,.T.);
#178=FACE_OUTER_BOUND('',#339,.T.);
#179=FACE_OUTER_BOUND('',#340,.T.);
#180=FACE_OUTER_BOUND('',#341,.T.);
#181=FACE_OUTER_BOUND('',#342,.T.);
#182=FACE_OUTER_BOUND('',#343,.T.);
#183=FACE_OUTER_BOUND('',#344,.T.);
#184=FACE_OUTER_BOUND('',#345,.T.);
#185=FACE_OUTER_BOUND('',#346,.T.);
#186=FACE_OUTER_BOUND('',#347,.T.);
#187=FACE_OUTER_BOUND('',#348,.T.);
#188=FACE_OUTER_BOUND('',#349,.T.);
#189=FACE_OUTER_BOUND('',#350,.T.);
#190=FACE_OUTER_BOUND('',#351,.T.);
#191=FACE_OUTER_BOUND('',#352,.T.);
#192=FACE_OUTER_BOUND('',#353,.T.);
#193=FACE_OUTER_BOUND('',#354,.T.);
#194=FACE_OUTER_BOUND('',#355,.T.);
#195=FACE_OUTER_BOUND('',#356,.T.);
#196=FACE_OUTER_BOUND('',#357,.T.);
#197=FACE_OUTER_BOUND('',#358,.T.);
#198=FACE_OUTER_BOUND('',#359,.T.);
#199=FACE_OUTER_BOUND('',#360,.T.);
#200=FACE_OUTER_BOUND('',#361,.T.);
#201=FACE_OUTER_BOUND('',#362,.T.);
#202=FACE_OUTER_BOUND('',#363,.T.);
#203=FACE_OUTER_BOUND('',#364,.T.);
#204=FACE_OUTER_BOUND('',#365,.T.);
#205=FACE_OUTER_BOUND('',#366,.T.);
#206=FACE_OUTER_BOUND('',#367,.T.);
#207=FACE_OUTER_BOUND('',#368,.T.);
#208=FACE_OUTER_BOUND('',#369,.T.);
#209=FACE_OUTER_BOUND('',#370,.T.);
#210=FACE_OUTER_BOUND('',#371,.T.);
#211=FACE_OUTER_BOUND('',#372,.T.);
#212=FACE_OUTER_BOUND('',#373,.T.);
#213=FACE_OUTER_BOUND('',#374,.T.);
#214=FACE_OUTER_BOUND('',#375,.T.);
#215=FACE_OUTER_BOUND('',#377,.T.);
#216=FACE_OUTER_BOUND('',#378,.T.);
#217=FACE_OUTER_BOUND('',#379,.T.);
#218=FACE_OUTER_BOUND('',#380,.T.);
#219=FACE_OUTER_BOUND('',#381,.T.);
#220=FACE_OUTER_BOUND('',#382,.T.);
#221=FACE_OUTER_BOUND('',#383,.T.);
#222=FACE_OUTER_BOUND('',#384,.T.);
#223=FACE_OUTER_BOUND('',#385,.T.);
#224=FACE_OUTER_BOUND('',#386,.T.);
#225=FACE_OUTER_BOUND('',#387,.T.);
#226=FACE_OUTER_BOUND('',#388,.T.);
#227=FACE_OUTER_BOUND('',#389,.T.);
#228=FACE_OUTER_BOUND('',#390,.T.);
#229=FACE_OUTER_BOUND('',#391,.T.);
#230=FACE_OUTER_BOUND('',#392,.T.);
#231=FACE_OUTER_BOUND('',#393,.T.);
#232=FACE_OUTER_BOUND('',#394,.T.);
#233=FACE_OUTER_BOUND('',#395,.T.);
#234=FACE_OUTER_BOUND('',#396,.T.);
#235=FACE_OUTER_BOUND('',#397,.T.);
#236=FACE_OUTER_BOUND('',#398,.T.);
#237=FACE_OUTER_BOUND('',#399,.T.);
#238=FACE_OUTER_BOUND('',#401,.T.);
#239=FACE_OUTER_BOUND('',#402,.T.);
#240=FACE_OUTER_BOUND('',#403,.T.);
#241=FACE_OUTER_BOUND('',#404,.T.);
#242=FACE_OUTER_BOUND('',#405,.T.);
#243=FACE_OUTER_BOUND('',#406,.T.);
#244=FACE_OUTER_BOUND('',#407,.T.);
#245=FACE_OUTER_BOUND('',#409,.T.);
#246=FACE_OUTER_BOUND('',#410,.T.);
#247=FACE_OUTER_BOUND('',#411,.T.);
#248=FACE_OUTER_BOUND('',#412,.T.);
#249=FACE_OUTER_BOUND('',#413,.T.);
#250=FACE_OUTER_BOUND('',#414,.T.);
#251=FACE_OUTER_BOUND('',#415,.T.);
#252=FACE_OUTER_BOUND('',#416,.T.);
#253=EDGE_LOOP('',(#1847,#1848,#1849,#1850));
#254=EDGE_LOOP('',(#1851,#1852,#1853,#1854,#1855,#1856,#1857,#1858));
#255=EDGE_LOOP('',(#1859,#1860,#1861,#1862));
#256=EDGE_LOOP('',(#1863,#1864,#1865,#1866,#1867,#1868));
#257=EDGE_LOOP('',(#1869,#1870,#1871,#1872,#1873,#1874));
#258=EDGE_LOOP('',(#1875,#1876,#1877,#1878));
#259=EDGE_LOOP('',(#1879,#1880,#1881,#1882,#1883,#1884,#1885,#1886));
#260=EDGE_LOOP('',(#1887,#1888,#1889,#1890));
#261=EDGE_LOOP('',(#1891,#1892,#1893,#1894,#1895,#1896));
#262=EDGE_LOOP('',(#1897,#1898,#1899,#1900,#1901,#1902));
#263=EDGE_LOOP('',(#1903,#1904,#1905,#1906));
#264=EDGE_LOOP('',(#1907,#1908,#1909,#1910));
#265=EDGE_LOOP('',(#1911,#1912,#1913,#1914));
#266=EDGE_LOOP('',(#1915,#1916,#1917,#1918));
#267=EDGE_LOOP('',(#1919,#1920,#1921,#1922));
#268=EDGE_LOOP('',(#1923,#1924,#1925,#1926));
#269=EDGE_LOOP('',(#1927,#1928,#1929,#1930));
#270=EDGE_LOOP('',(#1931,#1932,#1933,#1934));
#271=EDGE_LOOP('',(#1935,#1936,#1937,#1938,#1939,#1940,#1941,#1942));
#272=EDGE_LOOP('',(#1943,#1944,#1945,#1946));
#273=EDGE_LOOP('',(#1947,#1948,#1949,#1950,#1951,#1952));
#274=EDGE_LOOP('',(#1953,#1954,#1955,#1956,#1957,#1958));
#275=EDGE_LOOP('',(#1959,#1960,#1961,#1962));
#276=EDGE_LOOP('',(#1963,#1964,#1965,#1966,#1967,#1968,#1969,#1970));
#277=EDGE_LOOP('',(#1971,#1972,#1973,#1974));
#278=EDGE_LOOP('',(#1975,#1976,#1977,#1978,#1979,#1980));
#279=EDGE_LOOP('',(#1981,#1982,#1983,#1984,#1985,#1986));
#280=EDGE_LOOP('',(#1987,#1988,#1989,#1990));
#281=EDGE_LOOP('',(#1991,#1992,#1993,#1994));
#282=EDGE_LOOP('',(#1995,#1996,#1997,#1998));
#283=EDGE_LOOP('',(#1999,#2000,#2001,#2002));
#284=EDGE_LOOP('',(#2003,#2004,#2005,#2006));
#285=EDGE_LOOP('',(#2007,#2008,#2009,#2010));
#286=EDGE_LOOP('',(#2011,#2012,#2013,#2014));
#287=EDGE_LOOP('',(#2015,#2016,#2017,#2018));
#288=EDGE_LOOP('',(#2019,#2020,#2021,#2022,#2023,#2024,#2025,#2026));
#289=EDGE_LOOP('',(#2027,#2028,#2029,#2030));
#290=EDGE_LOOP('',(#2031,#2032,#2033,#2034,#2035,#2036));
#291=EDGE_LOOP('',(#2037,#2038,#2039,#2040,#2041,#2042));
#292=EDGE_LOOP('',(#2043,#2044,#2045,#2046));
#293=EDGE_LOOP('',(#2047,#2048,#2049,#2050,#2051,#2052,#2053,#2054));
#294=EDGE_LOOP('',(#2055,#2056,#2057,#2058));
#295=EDGE_LOOP('',(#2059,#2060,#2061,#2062,#2063,#2064));
#296=EDGE_LOOP('',(#2065,#2066,#2067,#2068,#2069,#2070));
#297=EDGE_LOOP('',(#2071,#2072,#2073,#2074));
#298=EDGE_LOOP('',(#2075,#2076,#2077,#2078));
#299=EDGE_LOOP('',(#2079,#2080,#2081,#2082));
#300=EDGE_LOOP('',(#2083,#2084,#2085,#2086));
#301=EDGE_LOOP('',(#2087,#2088,#2089,#2090));
#302=EDGE_LOOP('',(#2091,#2092,#2093,#2094));
#303=EDGE_LOOP('',(#2095,#2096,#2097,#2098));
#304=EDGE_LOOP('',(#2099,#2100,#2101,#2102));
#305=EDGE_LOOP('',(#2103,#2104,#2105,#2106,#2107,#2108,#2109,#2110));
#306=EDGE_LOOP('',(#2111,#2112,#2113,#2114));
#307=EDGE_LOOP('',(#2115,#2116,#2117,#2118,#2119,#2120));
#308=EDGE_LOOP('',(#2121,#2122,#2123,#2124,#2125,#2126));
#309=EDGE_LOOP('',(#2127,#2128,#2129,#2130));
#310=EDGE_LOOP('',(#2131,#2132,#2133,#2134,#2135,#2136,#2137,#2138));
#311=EDGE_LOOP('',(#2139,#2140,#2141,#2142));
#312=EDGE_LOOP('',(#2143,#2144,#2145,#2146,#2147,#2148));
#313=EDGE_LOOP('',(#2149,#2150,#2151,#2152,#2153,#2154));
#314=EDGE_LOOP('',(#2155,#2156,#2157,#2158));
#315=EDGE_LOOP('',(#2159,#2160,#2161,#2162));
#316=EDGE_LOOP('',(#2163,#2164,#2165,#2166));
#317=EDGE_LOOP('',(#2167,#2168,#2169,#2170));
#318=EDGE_LOOP('',(#2171,#2172,#2173,#2174));
#319=EDGE_LOOP('',(#2175,#2176,#2177,#2178));
#320=EDGE_LOOP('',(#2179,#2180,#2181,#2182));
#321=EDGE_LOOP('',(#2183,#2184,#2185,#2186));
#322=EDGE_LOOP('',(#2187,#2188,#2189,#2190,#2191,#2192));
#323=EDGE_LOOP('',(#2193,#2194,#2195,#2196,#2197,#2198));
#324=EDGE_LOOP('',(#2199,#2200,#2201,#2202,#2203,#2204,#2205,#2206,#2207,
#2208,#2209,#2210,#2211,#2212,#2213,#2214));
#325=EDGE_LOOP('',(#2215,#2216,#2217,#2218,#2219,#2220,#2221,#2222,#2223,
#2224,#2225,#2226,#2227,#2228,#2229,#2230));
#326=EDGE_LOOP('',(#2231,#2232,#2233,#2234,#2235,#2236,#2237,#2238,#2239,
#2240));
#327=EDGE_LOOP('',(#2241,#2242,#2243,#2244,#2245,#2246,#2247,#2248,#2249,
#2250));
#328=EDGE_LOOP('',(#2251,#2252,#2253,#2254));
#329=EDGE_LOOP('',(#2255,#2256,#2257,#2258));
#330=EDGE_LOOP('',(#2259,#2260,#2261,#2262));
#331=EDGE_LOOP('',(#2263,#2264,#2265,#2266));
#332=EDGE_LOOP('',(#2267,#2268,#2269,#2270));
#333=EDGE_LOOP('',(#2271,#2272,#2273,#2274));
#334=EDGE_LOOP('',(#2275,#2276,#2277,#2278));
#335=EDGE_LOOP('',(#2279,#2280,#2281,#2282));
#336=EDGE_LOOP('',(#2283,#2284,#2285,#2286));
#337=EDGE_LOOP('',(#2287,#2288,#2289,#2290,#2291,#2292));
#338=EDGE_LOOP('',(#2293,#2294,#2295,#2296,#2297,#2298));
#339=EDGE_LOOP('',(#2299,#2300,#2301,#2302));
#340=EDGE_LOOP('',(#2303,#2304,#2305,#2306,#2307,#2308,#2309,#2310));
#341=EDGE_LOOP('',(#2311,#2312,#2313,#2314));
#342=EDGE_LOOP('',(#2315,#2316,#2317,#2318,#2319,#2320));
#343=EDGE_LOOP('',(#2321,#2322,#2323,#2324,#2325,#2326));
#344=EDGE_LOOP('',(#2327,#2328,#2329,#2330));
#345=EDGE_LOOP('',(#2331,#2332,#2333,#2334,#2335,#2336,#2337,#2338));
#346=EDGE_LOOP('',(#2339,#2340,#2341,#2342));
#347=EDGE_LOOP('',(#2343,#2344,#2345,#2346));
#348=EDGE_LOOP('',(#2347,#2348,#2349,#2350));
#349=EDGE_LOOP('',(#2351,#2352,#2353,#2354));
#350=EDGE_LOOP('',(#2355,#2356,#2357,#2358));
#351=EDGE_LOOP('',(#2359,#2360,#2361,#2362));
#352=EDGE_LOOP('',(#2363,#2364,#2365,#2366));
#353=EDGE_LOOP('',(#2367,#2368,#2369,#2370));
#354=EDGE_LOOP('',(#2371,#2372,#2373,#2374,#2375,#2376));
#355=EDGE_LOOP('',(#2377,#2378,#2379,#2380,#2381,#2382));
#356=EDGE_LOOP('',(#2383,#2384,#2385,#2386));
#357=EDGE_LOOP('',(#2387,#2388,#2389,#2390,#2391,#2392,#2393,#2394));
#358=EDGE_LOOP('',(#2395,#2396,#2397,#2398));
#359=EDGE_LOOP('',(#2399,#2400,#2401,#2402,#2403,#2404));
#360=EDGE_LOOP('',(#2405,#2406,#2407,#2408,#2409,#2410));
#361=EDGE_LOOP('',(#2411,#2412,#2413,#2414));
#362=EDGE_LOOP('',(#2415,#2416,#2417,#2418,#2419,#2420,#2421,#2422));
#363=EDGE_LOOP('',(#2423,#2424,#2425,#2426));
#364=EDGE_LOOP('',(#2427,#2428,#2429,#2430));
#365=EDGE_LOOP('',(#2431,#2432,#2433,#2434));
#366=EDGE_LOOP('',(#2435,#2436,#2437,#2438));
#367=EDGE_LOOP('',(#2439,#2440,#2441,#2442));
#368=EDGE_LOOP('',(#2443,#2444,#2445,#2446));
#369=EDGE_LOOP('',(#2447,#2448,#2449,#2450));
#370=EDGE_LOOP('',(#2451,#2452,#2453,#2454,#2455));
#371=EDGE_LOOP('',(#2456,#2457,#2458,#2459,#2460));
#372=EDGE_LOOP('',(#2461,#2462,#2463,#2464));
#373=EDGE_LOOP('',(#2465,#2466,#2467,#2468,#2469,#2470,#2471,#2472));
#374=EDGE_LOOP('',(#2473,#2474,#2475,#2476));
#375=EDGE_LOOP('',(#2477,#2478,#2479,#2480));
#376=EDGE_LOOP('',(#2481,#2482,#2483,#2484));
#377=EDGE_LOOP('',(#2485,#2486,#2487,#2488));
#378=EDGE_LOOP('',(#2489,#2490,#2491,#2492,#2493,#2494));
#379=EDGE_LOOP('',(#2495,#2496,#2497,#2498));
#380=EDGE_LOOP('',(#2499,#2500,#2501,#2502));
#381=EDGE_LOOP('',(#2503,#2504,#2505,#2506));
#382=EDGE_LOOP('',(#2507,#2508,#2509,#2510,#2511,#2512,#2513,#2514));
#383=EDGE_LOOP('',(#2515,#2516,#2517,#2518));
#384=EDGE_LOOP('',(#2519,#2520,#2521,#2522,#2523,#2524,#2525,#2526));
#385=EDGE_LOOP('',(#2527,#2528,#2529,#2530));
#386=EDGE_LOOP('',(#2531,#2532,#2533,#2534,#2535));
#387=EDGE_LOOP('',(#2536,#2537,#2538,#2539,#2540));
#388=EDGE_LOOP('',(#2541,#2542,#2543,#2544));
#389=EDGE_LOOP('',(#2545,#2546,#2547,#2548));
#390=EDGE_LOOP('',(#2549,#2550,#2551,#2552));
#391=EDGE_LOOP('',(#2553,#2554,#2555,#2556,#2557,#2558,#2559,#2560));
#392=EDGE_LOOP('',(#2561,#2562,#2563,#2564,#2565,#2566,#2567,#2568));
#393=EDGE_LOOP('',(#2569,#2570,#2571,#2572));
#394=EDGE_LOOP('',(#2573,#2574,#2575,#2576,#2577,#2578,#2579,#2580));
#395=EDGE_LOOP('',(#2581,#2582,#2583,#2584));
#396=EDGE_LOOP('',(#2585,#2586,#2587,#2588));
#397=EDGE_LOOP('',(#2589,#2590,#2591,#2592,#2593,#2594));
#398=EDGE_LOOP('',(#2595,#2596,#2597,#2598));
#399=EDGE_LOOP('',(#2599,#2600,#2601,#2602));
#400=EDGE_LOOP('',(#2603,#2604,#2605,#2606));
#401=EDGE_LOOP('',(#2607,#2608,#2609,#2610));
#402=EDGE_LOOP('',(#2611,#2612,#2613,#2614,#2615));
#403=EDGE_LOOP('',(#2616,#2617,#2618,#2619,#2620));
#404=EDGE_LOOP('',(#2621,#2622,#2623,#2624));
#405=EDGE_LOOP('',(#2625,#2626,#2627,#2628,#2629,#2630,#2631,#2632));
#406=EDGE_LOOP('',(#2633,#2634,#2635,#2636));
#407=EDGE_LOOP('',(#2637,#2638,#2639,#2640));
#408=EDGE_LOOP('',(#2641,#2642,#2643,#2644));
#409=EDGE_LOOP('',(#2645,#2646,#2647,#2648));
#410=EDGE_LOOP('',(#2649,#2650,#2651,#2652,#2653,#2654));
#411=EDGE_LOOP('',(#2655,#2656,#2657,#2658));
#412=EDGE_LOOP('',(#2659,#2660,#2661,#2662));
#413=EDGE_LOOP('',(#2663,#2664,#2665,#2666));
#414=EDGE_LOOP('',(#2667,#2668,#2669,#2670,#2671,#2672,#2673,#2674));
#415=EDGE_LOOP('',(#2675,#2676,#2677,#2678,#2679,#2680,#2681,#2682));
#416=EDGE_LOOP('',(#2683,#2684,#2685,#2686));
#417=LINE('',#4003,#789);
#418=LINE('',#4005,#790);
#419=LINE('',#4007,#791);
#420=LINE('',#4008,#792);
#421=LINE('',#4011,#793);
#422=LINE('',#4013,#794);
#423=LINE('',#4017,#795);
#424=LINE('',#4019,#796);
#425=LINE('',#4021,#797);
#426=LINE('',#4026,#798);
#427=LINE('',#4028,#799);
#428=LINE('',#4030,#800);
#429=LINE('',#4031,#801);
#430=LINE('',#4036,#802);
#431=LINE('',#4038,#803);
#432=LINE('',#4040,#804);
#433=LINE('',#4047,#805);
#434=LINE('',#4051,#806);
#435=LINE('',#4053,#807);
#436=LINE('',#4054,#808);
#437=LINE('',#4056,#809);
#438=LINE('',#4057,#810);
#439=LINE('',#4060,#811);
#440=LINE('',#4063,#812);
#441=LINE('',#4065,#813);
#442=LINE('',#4068,#814);
#443=LINE('',#4070,#815);
#444=LINE('',#4071,#816);
#445=LINE('',#4073,#817);
#446=LINE('',#4075,#818);
#447=LINE('',#4076,#819);
#448=LINE('',#4078,#820);
#449=LINE('',#4079,#821);
#450=LINE('',#4082,#822);
#451=LINE('',#4084,#823);
#452=LINE('',#4086,#824);
#453=LINE('',#4092,#825);
#454=LINE('',#4094,#826);
#455=LINE('',#4096,#827);
#456=LINE('',#4097,#828);
#457=LINE('',#4100,#829);
#458=LINE('',#4102,#830);
#459=LINE('',#4106,#831);
#460=LINE('',#4108,#832);
#461=LINE('',#4110,#833);
#462=LINE('',#4115,#834);
#463=LINE('',#4117,#835);
#464=LINE('',#4119,#836);
#465=LINE('',#4120,#837);
#466=LINE('',#4125,#838);
#467=LINE('',#4127,#839);
#468=LINE('',#4129,#840);
#469=LINE('',#4136,#841);
#470=LINE('',#4140,#842);
#471=LINE('',#4142,#843);
#472=LINE('',#4143,#844);
#473=LINE('',#4145,#845);
#474=LINE('',#4146,#846);
#475=LINE('',#4149,#847);
#476=LINE('',#4152,#848);
#477=LINE('',#4154,#849);
#478=LINE('',#4157,#850);
#479=LINE('',#4159,#851);
#480=LINE('',#4160,#852);
#481=LINE('',#4162,#853);
#482=LINE('',#4164,#854);
#483=LINE('',#4165,#855);
#484=LINE('',#4167,#856);
#485=LINE('',#4168,#857);
#486=LINE('',#4171,#858);
#487=LINE('',#4173,#859);
#488=LINE('',#4175,#860);
#489=LINE('',#4181,#861);
#490=LINE('',#4183,#862);
#491=LINE('',#4185,#863);
#492=LINE('',#4186,#864);
#493=LINE('',#4189,#865);
#494=LINE('',#4191,#866);
#495=LINE('',#4195,#867);
#496=LINE('',#4197,#868);
#497=LINE('',#4199,#869);
#498=LINE('',#4204,#870);
#499=LINE('',#4206,#871);
#500=LINE('',#4208,#872);
#501=LINE('',#4209,#873);
#502=LINE('',#4214,#874);
#503=LINE('',#4216,#875);
#504=LINE('',#4218,#876);
#505=LINE('',#4225,#877);
#506=LINE('',#4229,#878);
#507=LINE('',#4231,#879);
#508=LINE('',#4232,#880);
#509=LINE('',#4234,#881);
#510=LINE('',#4235,#882);
#511=LINE('',#4238,#883);
#512=LINE('',#4241,#884);
#513=LINE('',#4243,#885);
#514=LINE('',#4246,#886);
#515=LINE('',#4248,#887);
#516=LINE('',#4249,#888);
#517=LINE('',#4251,#889);
#518=LINE('',#4253,#890);
#519=LINE('',#4254,#891);
#520=LINE('',#4256,#892);
#521=LINE('',#4257,#893);
#522=LINE('',#4260,#894);
#523=LINE('',#4262,#895);
#524=LINE('',#4264,#896);
#525=LINE('',#4270,#897);
#526=LINE('',#4272,#898);
#527=LINE('',#4274,#899);
#528=LINE('',#4275,#900);
#529=LINE('',#4278,#901);
#530=LINE('',#4280,#902);
#531=LINE('',#4284,#903);
#532=LINE('',#4286,#904);
#533=LINE('',#4288,#905);
#534=LINE('',#4293,#906);
#535=LINE('',#4295,#907);
#536=LINE('',#4297,#908);
#537=LINE('',#4298,#909);
#538=LINE('',#4303,#910);
#539=LINE('',#4305,#911);
#540=LINE('',#4307,#912);
#541=LINE('',#4314,#913);
#542=LINE('',#4318,#914);
#543=LINE('',#4320,#915);
#544=LINE('',#4321,#916);
#545=LINE('',#4323,#917);
#546=LINE('',#4324,#918);
#547=LINE('',#4327,#919);
#548=LINE('',#4330,#920);
#549=LINE('',#4332,#921);
#550=LINE('',#4335,#922);
#551=LINE('',#4337,#923);
#552=LINE('',#4338,#924);
#553=LINE('',#4340,#925);
#554=LINE('',#4342,#926);
#555=LINE('',#4343,#927);
#556=LINE('',#4345,#928);
#557=LINE('',#4346,#929);
#558=LINE('',#4349,#930);
#559=LINE('',#4351,#931);
#560=LINE('',#4353,#932);
#561=LINE('',#4359,#933);
#562=LINE('',#4361,#934);
#563=LINE('',#4363,#935);
#564=LINE('',#4364,#936);
#565=LINE('',#4367,#937);
#566=LINE('',#4369,#938);
#567=LINE('',#4371,#939);
#568=LINE('',#4373,#940);
#569=LINE('',#4374,#941);
#570=LINE('',#4377,#942);
#571=LINE('',#4379,#943);
#572=LINE('',#4381,#944);
#573=LINE('',#4383,#945);
#574=LINE('',#4384,#946);
#575=LINE('',#4386,#947);
#576=LINE('',#4387,#948);
#577=LINE('',#4389,#949);
#578=LINE('',#4391,#950);
#579=LINE('',#4393,#951);
#580=LINE('',#4395,#952);
#581=LINE('',#4396,#953);
#582=LINE('',#4397,#954);
#583=LINE('',#4399,#955);
#584=LINE('',#4401,#956);
#585=LINE('',#4403,#957);
#586=LINE('',#4405,#958);
#587=LINE('',#4407,#959);
#588=LINE('',#4408,#960);
#589=LINE('',#4409,#961);
#590=LINE('',#4410,#962);
#591=LINE('',#4412,#963);
#592=LINE('',#4414,#964);
#593=LINE('',#4418,#965);
#594=LINE('',#4420,#966);
#595=LINE('',#4422,#967);
#596=LINE('',#4423,#968);
#597=LINE('',#4429,#969);
#598=LINE('',#4432,#970);
#599=LINE('',#4436,#971);
#600=LINE('',#4438,#972);
#601=LINE('',#4440,#973);
#602=LINE('',#4441,#974);
#603=LINE('',#4444,#975);
#604=LINE('',#4446,#976);
#605=LINE('',#4447,#977);
#606=LINE('',#4450,#978);
#607=LINE('',#4452,#979);
#608=LINE('',#4453,#980);
#609=LINE('',#4459,#981);
#610=LINE('',#4465,#982);
#611=LINE('',#4468,#983);
#612=LINE('',#4470,#984);
#613=LINE('',#4471,#985);
#614=LINE('',#4474,#986);
#615=LINE('',#4476,#987);
#616=LINE('',#4477,#988);
#617=LINE('',#4478,#989);
#618=LINE('',#4482,#990);
#619=LINE('',#4483,#991);
#620=LINE('',#4485,#992);
#621=LINE('',#4487,#993);
#622=LINE('',#4488,#994);
#623=LINE('',#4493,#995);
#624=LINE('',#4494,#996);
#625=LINE('',#4496,#997);
#626=LINE('',#4497,#998);
#627=LINE('',#4500,#999);
#628=LINE('',#4503,#1000);
#629=LINE('',#4510,#1001);
#630=LINE('',#4513,#1002);
#631=LINE('',#4517,#1003);
#632=LINE('',#4519,#1004);
#633=LINE('',#4521,#1005);
#634=LINE('',#4522,#1006);
#635=LINE('',#4525,#1007);
#636=LINE('',#4527,#1008);
#637=LINE('',#4528,#1009);
#638=LINE('',#4531,#1010);
#639=LINE('',#4533,#1011);
#640=LINE('',#4534,#1012);
#641=LINE('',#4540,#1013);
#642=LINE('',#4546,#1014);
#643=LINE('',#4549,#1015);
#644=LINE('',#4551,#1016);
#645=LINE('',#4552,#1017);
#646=LINE('',#4555,#1018);
#647=LINE('',#4557,#1019);
#648=LINE('',#4558,#1020);
#649=LINE('',#4559,#1021);
#650=LINE('',#4563,#1022);
#651=LINE('',#4564,#1023);
#652=LINE('',#4566,#1024);
#653=LINE('',#4568,#1025);
#654=LINE('',#4569,#1026);
#655=LINE('',#4574,#1027);
#656=LINE('',#4575,#1028);
#657=LINE('',#4577,#1029);
#658=LINE('',#4578,#1030);
#659=LINE('',#4581,#1031);
#660=LINE('',#4584,#1032);
#661=LINE('',#4589,#1033);
#662=LINE('',#4591,#1034);
#663=LINE('',#4593,#1035);
#664=LINE('',#4594,#1036);
#665=LINE('',#4596,#1037);
#666=LINE('',#4597,#1038);
#667=LINE('',#4599,#1039);
#668=LINE('',#4601,#1040);
#669=LINE('',#4606,#1041);
#670=LINE('',#4608,#1042);
#671=LINE('',#4610,#1043);
#672=LINE('',#4611,#1044);
#673=LINE('',#4614,#1045);
#674=LINE('',#4616,#1046);
#675=LINE('',#4618,#1047);
#676=LINE('',#4619,#1048);
#677=LINE('',#4622,#1049);
#678=LINE('',#4624,#1050);
#679=LINE('',#4626,#1051);
#680=LINE('',#4627,#1052);
#681=LINE('',#4629,#1053);
#682=LINE('',#4630,#1054);
#683=LINE('',#4633,#1055);
#684=LINE('',#4635,#1056);
#685=LINE('',#4637,#1057);
#686=LINE('',#4639,#1058);
#687=LINE('',#4640,#1059);
#688=LINE('',#4643,#1060);
#689=LINE('',#4644,#1061);
#690=LINE('',#4648,#1062);
#691=LINE('',#4650,#1063);
#692=LINE('',#4652,#1064);
#693=LINE('',#4653,#1065);
#694=LINE('',#4657,#1066);
#695=LINE('',#4658,#1067);
#696=LINE('',#4659,#1068);
#697=LINE('',#4661,#1069);
#698=LINE('',#4663,#1070);
#699=LINE('',#4664,#1071);
#700=LINE('',#4668,#1072);
#701=LINE('',#4669,#1073);
#702=LINE('',#4670,#1074);
#703=LINE('',#4673,#1075);
#704=LINE('',#4675,#1076);
#705=LINE('',#4676,#1077);
#706=LINE('',#4678,#1078);
#707=LINE('',#4680,#1079);
#708=LINE('',#4682,#1080);
#709=LINE('',#4687,#1081);
#710=LINE('',#4689,#1082);
#711=LINE('',#4691,#1083);
#712=LINE('',#4692,#1084);
#713=LINE('',#4695,#1085);
#714=LINE('',#4697,#1086);
#715=LINE('',#4699,#1087);
#716=LINE('',#4700,#1088);
#717=LINE('',#4703,#1089);
#718=LINE('',#4705,#1090);
#719=LINE('',#4707,#1091);
#720=LINE('',#4708,#1092);
#721=LINE('',#4710,#1093);
#722=LINE('',#4711,#1094);
#723=LINE('',#4714,#1095);
#724=LINE('',#4716,#1096);
#725=LINE('',#4717,#1097);
#726=LINE('',#4720,#1098);
#727=LINE('',#4722,#1099);
#728=LINE('',#4723,#1100);
#729=LINE('',#4726,#1101);
#730=LINE('',#4728,#1102);
#731=LINE('',#4729,#1103);
#732=LINE('',#4732,#1104);
#733=LINE('',#4734,#1105);
#734=LINE('',#4736,#1106);
#735=LINE('',#4738,#1107);
#736=LINE('',#4740,#1108);
#737=LINE('',#4741,#1109);
#738=LINE('',#4744,#1110);
#739=LINE('',#4745,#1111);
#740=LINE('',#4748,#1112);
#741=LINE('',#4750,#1113);
#742=LINE('',#4752,#1114);
#743=LINE('',#4754,#1115);
#744=LINE('',#4755,#1116);
#745=LINE('',#4757,#1117);
#746=LINE('',#4759,#1118);
#747=LINE('',#4761,#1119);
#748=LINE('',#4763,#1120);
#749=LINE('',#4768,#1121);
#750=LINE('',#4770,#1122);
#751=LINE('',#4772,#1123);
#752=LINE('',#4773,#1124);
#753=LINE('',#4776,#1125);
#754=LINE('',#4778,#1126);
#755=LINE('',#4780,#1127);
#756=LINE('',#4781,#1128);
#757=LINE('',#4784,#1129);
#758=LINE('',#4786,#1130);
#759=LINE('',#4788,#1131);
#760=LINE('',#4789,#1132);
#761=LINE('',#4791,#1133);
#762=LINE('',#4792,#1134);
#763=LINE('',#4795,#1135);
#764=LINE('',#4797,#1136);
#765=LINE('',#4799,#1137);
#766=LINE('',#4801,#1138);
#767=LINE('',#4802,#1139);
#768=LINE('',#4805,#1140);
#769=LINE('',#4806,#1141);
#770=LINE('',#4810,#1142);
#771=LINE('',#4812,#1143);
#772=LINE('',#4814,#1144);
#773=LINE('',#4815,#1145);
#774=LINE('',#4819,#1146);
#775=LINE('',#4820,#1147);
#776=LINE('',#4821,#1148);
#777=LINE('',#4823,#1149);
#778=LINE('',#4825,#1150);
#779=LINE('',#4826,#1151);
#780=LINE('',#4830,#1152);
#781=LINE('',#4831,#1153);
#782=LINE('',#4832,#1154);
#783=LINE('',#4835,#1155);
#784=LINE('',#4837,#1156);
#785=LINE('',#4838,#1157);
#786=LINE('',#4840,#1158);
#787=LINE('',#4841,#1159);
#788=LINE('',#4844,#1160);
#789=VECTOR('',#3213,1.);
#790=VECTOR('',#3214,1.);
#791=VECTOR('',#3215,1.);
#792=VECTOR('',#3216,1.);
#793=VECTOR('',#3219,1.);
#794=VECTOR('',#3220,1.);
#795=VECTOR('',#3223,1.);
#796=VECTOR('',#3224,1.);
#797=VECTOR('',#3225,1.);
#798=VECTOR('',#3230,1.);
#799=VECTOR('',#3231,1.);
#800=VECTOR('',#3232,1.);
#801=VECTOR('',#3233,1.);
#802=VECTOR('',#3238,1.);
#803=VECTOR('',#3239,1.);
#804=VECTOR('',#3240,1.);
#805=VECTOR('',#3247,1.);
#806=VECTOR('',#3250,1.);
#807=VECTOR('',#3251,1.);
#808=VECTOR('',#3252,1.);
#809=VECTOR('',#3255,1.);
#810=VECTOR('',#3256,1.);
#811=VECTOR('',#3259,1.);
#812=VECTOR('',#3262,1.);
#813=VECTOR('',#3263,1.);
#814=VECTOR('',#3266,1.);
#815=VECTOR('',#3269,1.);
#816=VECTOR('',#3270,1.);
#817=VECTOR('',#3273,1.);
#818=VECTOR('',#3276,1.);
#819=VECTOR('',#3277,1.);
#820=VECTOR('',#3280,1.);
#821=VECTOR('',#3281,1.);
#822=VECTOR('',#3286,1.);
#823=VECTOR('',#3289,1.);
#824=VECTOR('',#3292,1.);
#825=VECTOR('',#3299,1.);
#826=VECTOR('',#3300,1.);
#827=VECTOR('',#3301,1.);
#828=VECTOR('',#3302,1.);
#829=VECTOR('',#3305,1.);
#830=VECTOR('',#3306,1.);
#831=VECTOR('',#3309,1.);
#832=VECTOR('',#3310,1.);
#833=VECTOR('',#3311,1.);
#834=VECTOR('',#3316,1.);
#835=VECTOR('',#3317,1.);
#836=VECTOR('',#3318,1.);
#837=VECTOR('',#3319,1.);
#838=VECTOR('',#3324,1.);
#839=VECTOR('',#3325,1.);
#840=VECTOR('',#3326,1.);
#841=VECTOR('',#3333,1.);
#842=VECTOR('',#3336,1.);
#843=VECTOR('',#3337,1.);
#844=VECTOR('',#3338,1.);
#845=VECTOR('',#3341,1.);
#846=VECTOR('',#3342,1.);
#847=VECTOR('',#3345,1.);
#848=VECTOR('',#3348,1.);
#849=VECTOR('',#3349,1.);
#850=VECTOR('',#3352,1.);
#851=VECTOR('',#3355,1.);
#852=VECTOR('',#3356,1.);
#853=VECTOR('',#3359,1.);
#854=VECTOR('',#3362,1.);
#855=VECTOR('',#3363,1.);
#856=VECTOR('',#3366,1.);
#857=VECTOR('',#3367,1.);
#858=VECTOR('',#3372,1.);
#859=VECTOR('',#3375,1.);
#860=VECTOR('',#3378,1.);
#861=VECTOR('',#3385,1.);
#862=VECTOR('',#3386,1.);
#863=VECTOR('',#3387,1.);
#864=VECTOR('',#3388,1.);
#865=VECTOR('',#3391,1.);
#866=VECTOR('',#3392,1.);
#867=VECTOR('',#3395,1.);
#868=VECTOR('',#3396,1.);
#869=VECTOR('',#3397,1.);
#870=VECTOR('',#3402,1.);
#871=VECTOR('',#3403,1.);
#872=VECTOR('',#3404,1.);
#873=VECTOR('',#3405,1.);
#874=VECTOR('',#3410,1.);
#875=VECTOR('',#3411,1.);
#876=VECTOR('',#3412,1.);
#877=VECTOR('',#3419,1.);
#878=VECTOR('',#3422,1.);
#879=VECTOR('',#3423,1.);
#880=VECTOR('',#3424,1.);
#881=VECTOR('',#3427,1.);
#882=VECTOR('',#3428,1.);
#883=VECTOR('',#3431,1.);
#884=VECTOR('',#3434,1.);
#885=VECTOR('',#3435,1.);
#886=VECTOR('',#3438,1.);
#887=VECTOR('',#3441,1.);
#888=VECTOR('',#3442,1.);
#889=VECTOR('',#3445,1.);
#890=VECTOR('',#3448,1.);
#891=VECTOR('',#3449,1.);
#892=VECTOR('',#3452,1.);
#893=VECTOR('',#3453,1.);
#894=VECTOR('',#3458,1.);
#895=VECTOR('',#3461,1.);
#896=VECTOR('',#3464,1.);
#897=VECTOR('',#3471,1.);
#898=VECTOR('',#3472,1.);
#899=VECTOR('',#3473,1.);
#900=VECTOR('',#3474,1.);
#901=VECTOR('',#3477,1.);
#902=VECTOR('',#3478,1.);
#903=VECTOR('',#3481,1.);
#904=VECTOR('',#3482,1.);
#905=VECTOR('',#3483,1.);
#906=VECTOR('',#3488,1.);
#907=VECTOR('',#3489,1.);
#908=VECTOR('',#3490,1.);
#909=VECTOR('',#3491,1.);
#910=VECTOR('',#3496,1.);
#911=VECTOR('',#3497,1.);
#912=VECTOR('',#3498,1.);
#913=VECTOR('',#3505,1.);
#914=VECTOR('',#3508,1.);
#915=VECTOR('',#3509,1.);
#916=VECTOR('',#3510,1.);
#917=VECTOR('',#3513,1.);
#918=VECTOR('',#3514,1.);
#919=VECTOR('',#3517,1.);
#920=VECTOR('',#3520,1.);
#921=VECTOR('',#3521,1.);
#922=VECTOR('',#3524,1.);
#923=VECTOR('',#3527,1.);
#924=VECTOR('',#3528,1.);
#925=VECTOR('',#3531,1.);
#926=VECTOR('',#3534,1.);
#927=VECTOR('',#3535,1.);
#928=VECTOR('',#3538,1.);
#929=VECTOR('',#3539,1.);
#930=VECTOR('',#3544,1.);
#931=VECTOR('',#3547,1.);
#932=VECTOR('',#3550,1.);
#933=VECTOR('',#3557,1.);
#934=VECTOR('',#3558,1.);
#935=VECTOR('',#3559,1.);
#936=VECTOR('',#3560,1.);
#937=VECTOR('',#3563,1.);
#938=VECTOR('',#3564,1.);
#939=VECTOR('',#3565,1.);
#940=VECTOR('',#3566,1.);
#941=VECTOR('',#3567,1.);
#942=VECTOR('',#3570,1.);
#943=VECTOR('',#3571,1.);
#944=VECTOR('',#3572,1.);
#945=VECTOR('',#3573,1.);
#946=VECTOR('',#3574,1.);
#947=VECTOR('',#3577,1.);
#948=VECTOR('',#3578,1.);
#949=VECTOR('',#3579,1.);
#950=VECTOR('',#3580,1.);
#951=VECTOR('',#3581,1.);
#952=VECTOR('',#3582,1.);
#953=VECTOR('',#3583,1.);
#954=VECTOR('',#3584,1.);
#955=VECTOR('',#3587,1.);
#956=VECTOR('',#3588,1.);
#957=VECTOR('',#3589,1.);
#958=VECTOR('',#3590,1.);
#959=VECTOR('',#3591,1.);
#960=VECTOR('',#3592,1.);
#961=VECTOR('',#3593,1.);
#962=VECTOR('',#3594,1.);
#963=VECTOR('',#3597,1.);
#964=VECTOR('',#3600,1.);
#965=VECTOR('',#3603,1.);
#966=VECTOR('',#3604,1.);
#967=VECTOR('',#3605,1.);
#968=VECTOR('',#3606,1.);
#969=VECTOR('',#3611,1.);
#970=VECTOR('',#3614,1.);
#971=VECTOR('',#3617,1.);
#972=VECTOR('',#3618,1.);
#973=VECTOR('',#3619,1.);
#974=VECTOR('',#3620,1.);
#975=VECTOR('',#3623,1.);
#976=VECTOR('',#3624,1.);
#977=VECTOR('',#3625,1.);
#978=VECTOR('',#3628,1.);
#979=VECTOR('',#3629,1.);
#980=VECTOR('',#3630,1.);
#981=VECTOR('',#3637,1.);
#982=VECTOR('',#3642,1.);
#983=VECTOR('',#3645,1.);
#984=VECTOR('',#3648,1.);
#985=VECTOR('',#3649,1.);
#986=VECTOR('',#3652,1.);
#987=VECTOR('',#3653,1.);
#988=VECTOR('',#3654,1.);
#989=VECTOR('',#3655,1.);
#990=VECTOR('',#3658,1.);
#991=VECTOR('',#3659,1.);
#992=VECTOR('',#3660,1.);
#993=VECTOR('',#3661,1.);
#994=VECTOR('',#3662,1.);
#995=VECTOR('',#3671,1.);
#996=VECTOR('',#3672,1.);
#997=VECTOR('',#3675,1.);
#998=VECTOR('',#3676,1.);
#999=VECTOR('',#3681,1.);
#1000=VECTOR('',#3686,1.);
#1001=VECTOR('',#3693,1.);
#1002=VECTOR('',#3696,1.);
#1003=VECTOR('',#3699,1.);
#1004=VECTOR('',#3700,1.);
#1005=VECTOR('',#3701,1.);
#1006=VECTOR('',#3702,1.);
#1007=VECTOR('',#3705,1.);
#1008=VECTOR('',#3706,1.);
#1009=VECTOR('',#3707,1.);
#1010=VECTOR('',#3710,1.);
#1011=VECTOR('',#3711,1.);
#1012=VECTOR('',#3712,1.);
#1013=VECTOR('',#3719,1.);
#1014=VECTOR('',#3724,1.);
#1015=VECTOR('',#3727,1.);
#1016=VECTOR('',#3730,1.);
#1017=VECTOR('',#3731,1.);
#1018=VECTOR('',#3734,1.);
#1019=VECTOR('',#3735,1.);
#1020=VECTOR('',#3736,1.);
#1021=VECTOR('',#3737,1.);
#1022=VECTOR('',#3740,1.);
#1023=VECTOR('',#3741,1.);
#1024=VECTOR('',#3742,1.);
#1025=VECTOR('',#3743,1.);
#1026=VECTOR('',#3744,1.);
#1027=VECTOR('',#3753,1.);
#1028=VECTOR('',#3754,1.);
#1029=VECTOR('',#3757,1.);
#1030=VECTOR('',#3758,1.);
#1031=VECTOR('',#3763,1.);
#1032=VECTOR('',#3768,1.);
#1033=VECTOR('',#3773,1.);
#1034=VECTOR('',#3774,1.);
#1035=VECTOR('',#3775,1.);
#1036=VECTOR('',#3776,1.);
#1037=VECTOR('',#3779,1.);
#1038=VECTOR('',#3780,1.);
#1039=VECTOR('',#3783,1.);
#1040=VECTOR('',#3786,1.);
#1041=VECTOR('',#3791,1.);
#1042=VECTOR('',#3792,1.);
#1043=VECTOR('',#3793,1.);
#1044=VECTOR('',#3794,1.);
#1045=VECTOR('',#3797,1.);
#1046=VECTOR('',#3798,1.);
#1047=VECTOR('',#3799,1.);
#1048=VECTOR('',#3800,1.);
#1049=VECTOR('',#3803,1.);
#1050=VECTOR('',#3804,1.);
#1051=VECTOR('',#3805,1.);
#1052=VECTOR('',#3806,1.);
#1053=VECTOR('',#3809,1.);
#1054=VECTOR('',#3810,1.);
#1055=VECTOR('',#3813,1.);
#1056=VECTOR('',#3814,1.);
#1057=VECTOR('',#3815,1.);
#1058=VECTOR('',#3816,1.);
#1059=VECTOR('',#3817,1.);
#1060=VECTOR('',#3820,1.);
#1061=VECTOR('',#3821,1.);
#1062=VECTOR('',#3824,1.);
#1063=VECTOR('',#3825,1.);
#1064=VECTOR('',#3826,1.);
#1065=VECTOR('',#3827,1.);
#1066=VECTOR('',#3830,1.);
#1067=VECTOR('',#3831,1.);
#1068=VECTOR('',#3832,1.);
#1069=VECTOR('',#3835,1.);
#1070=VECTOR('',#3836,1.);
#1071=VECTOR('',#3837,1.);
#1072=VECTOR('',#3840,1.);
#1073=VECTOR('',#3841,1.);
#1074=VECTOR('',#3842,1.);
#1075=VECTOR('',#3845,1.);
#1076=VECTOR('',#3846,1.);
#1077=VECTOR('',#3847,1.);
#1078=VECTOR('',#3850,1.);
#1079=VECTOR('',#3853,1.);
#1080=VECTOR('',#3856,1.);
#1081=VECTOR('',#3861,1.);
#1082=VECTOR('',#3862,1.);
#1083=VECTOR('',#3863,1.);
#1084=VECTOR('',#3864,1.);
#1085=VECTOR('',#3867,1.);
#1086=VECTOR('',#3868,1.);
#1087=VECTOR('',#3869,1.);
#1088=VECTOR('',#3870,1.);
#1089=VECTOR('',#3873,1.);
#1090=VECTOR('',#3874,1.);
#1091=VECTOR('',#3875,1.);
#1092=VECTOR('',#3876,1.);
#1093=VECTOR('',#3879,1.);
#1094=VECTOR('',#3880,1.);
#1095=VECTOR('',#3883,1.);
#1096=VECTOR('',#3884,1.);
#1097=VECTOR('',#3885,1.);
#1098=VECTOR('',#3888,1.);
#1099=VECTOR('',#3889,1.);
#1100=VECTOR('',#3890,1.);
#1101=VECTOR('',#3893,1.);
#1102=VECTOR('',#3894,1.);
#1103=VECTOR('',#3895,1.);
#1104=VECTOR('',#3898,1.);
#1105=VECTOR('',#3899,1.);
#1106=VECTOR('',#3900,1.);
#1107=VECTOR('',#3901,1.);
#1108=VECTOR('',#3902,1.);
#1109=VECTOR('',#3903,1.);
#1110=VECTOR('',#3906,1.);
#1111=VECTOR('',#3907,1.);
#1112=VECTOR('',#3910,1.);
#1113=VECTOR('',#3911,1.);
#1114=VECTOR('',#3912,1.);
#1115=VECTOR('',#3913,1.);
#1116=VECTOR('',#3914,1.);
#1117=VECTOR('',#3917,1.);
#1118=VECTOR('',#3920,1.);
#1119=VECTOR('',#3923,1.);
#1120=VECTOR('',#3926,1.);
#1121=VECTOR('',#3931,1.);
#1122=VECTOR('',#3932,1.);
#1123=VECTOR('',#3933,1.);
#1124=VECTOR('',#3934,1.);
#1125=VECTOR('',#3937,1.);
#1126=VECTOR('',#3938,1.);
#1127=VECTOR('',#3939,1.);
#1128=VECTOR('',#3940,1.);
#1129=VECTOR('',#3943,1.);
#1130=VECTOR('',#3944,1.);
#1131=VECTOR('',#3945,1.);
#1132=VECTOR('',#3946,1.);
#1133=VECTOR('',#3949,1.);
#1134=VECTOR('',#3950,1.);
#1135=VECTOR('',#3953,1.);
#1136=VECTOR('',#3954,1.);
#1137=VECTOR('',#3955,1.);
#1138=VECTOR('',#3956,1.);
#1139=VECTOR('',#3957,1.);
#1140=VECTOR('',#3960,1.);
#1141=VECTOR('',#3961,1.);
#1142=VECTOR('',#3964,1.);
#1143=VECTOR('',#3965,1.);
#1144=VECTOR('',#3966,1.);
#1145=VECTOR('',#3967,1.);
#1146=VECTOR('',#3970,1.);
#1147=VECTOR('',#3971,1.);
#1148=VECTOR('',#3972,1.);
#1149=VECTOR('',#3975,1.);
#1150=VECTOR('',#3976,1.);
#1151=VECTOR('',#3977,1.);
#1152=VECTOR('',#3980,1.);
#1153=VECTOR('',#3981,1.);
#1154=VECTOR('',#3982,1.);
#1155=VECTOR('',#3985,1.);
#1156=VECTOR('',#3986,1.);
#1157=VECTOR('',#3987,1.);
#1158=VECTOR('',#3990,1.);
#1159=VECTOR('',#3991,1.);
#1160=VECTOR('',#3996,1.);
#1161=VERTEX_POINT('',#4001);
#1162=VERTEX_POINT('',#4002);
#1163=VERTEX_POINT('',#4004);
#1164=VERTEX_POINT('',#4006);
#1165=VERTEX_POINT('',#4010);
#1166=VERTEX_POINT('',#4012);
#1167=VERTEX_POINT('',#4014);
#1168=VERTEX_POINT('',#4016);
#1169=VERTEX_POINT('',#4018);
#1170=VERTEX_POINT('',#4020);
#1171=VERTEX_POINT('',#4024);
#1172=VERTEX_POINT('',#4025);
#1173=VERTEX_POINT('',#4027);
#1174=VERTEX_POINT('',#4029);
#1175=VERTEX_POINT('',#4033);
#1176=VERTEX_POINT('',#4035);
#1177=VERTEX_POINT('',#4037);
#1178=VERTEX_POINT('',#4039);
#1179=VERTEX_POINT('',#4043);
#1180=VERTEX_POINT('',#4044);
#1181=VERTEX_POINT('',#4046);
#1182=VERTEX_POINT('',#4048);
#1183=VERTEX_POINT('',#4050);
#1184=VERTEX_POINT('',#4052);
#1185=VERTEX_POINT('',#4059);
#1186=VERTEX_POINT('',#4061);
#1187=VERTEX_POINT('',#4064);
#1188=VERTEX_POINT('',#4066);
#1189=VERTEX_POINT('',#4090);
#1190=VERTEX_POINT('',#4091);
#1191=VERTEX_POINT('',#4093);
#1192=VERTEX_POINT('',#4095);
#1193=VERTEX_POINT('',#4099);
#1194=VERTEX_POINT('',#4101);
#1195=VERTEX_POINT('',#4103);
#1196=VERTEX_POINT('',#4105);
#1197=VERTEX_POINT('',#4107);
#1198=VERTEX_POINT('',#4109);
#1199=VERTEX_POINT('',#4113);
#1200=VERTEX_POINT('',#4114);
#1201=VERTEX_POINT('',#4116);
#1202=VERTEX_POINT('',#4118);
#1203=VERTEX_POINT('',#4122);
#1204=VERTEX_POINT('',#4124);
#1205=VERTEX_POINT('',#4126);
#1206=VERTEX_POINT('',#4128);
#1207=VERTEX_POINT('',#4132);
#1208=VERTEX_POINT('',#4133);
#1209=VERTEX_POINT('',#4135);
#1210=VERTEX_POINT('',#4137);
#1211=VERTEX_POINT('',#4139);
#1212=VERTEX_POINT('',#4141);
#1213=VERTEX_POINT('',#4148);
#1214=VERTEX_POINT('',#4150);
#1215=VERTEX_POINT('',#4153);
#1216=VERTEX_POINT('',#4155);
#1217=VERTEX_POINT('',#4179);
#1218=VERTEX_POINT('',#4180);
#1219=VERTEX_POINT('',#4182);
#1220=VERTEX_POINT('',#4184);
#1221=VERTEX_POINT('',#4188);
#1222=VERTEX_POINT('',#4190);
#1223=VERTEX_POINT('',#4192);
#1224=VERTEX_POINT('',#4194);
#1225=VERTEX_POINT('',#4196);
#1226=VERTEX_POINT('',#4198);
#1227=VERTEX_POINT('',#4202);
#1228=VERTEX_POINT('',#4203);
#1229=VERTEX_POINT('',#4205);
#1230=VERTEX_POINT('',#4207);
#1231=VERTEX_POINT('',#4211);
#1232=VERTEX_POINT('',#4213);
#1233=VERTEX_POINT('',#4215);
#1234=VERTEX_POINT('',#4217);
#1235=VERTEX_POINT('',#4221);
#1236=VERTEX_POINT('',#4222);
#1237=VERTEX_POINT('',#4224);
#1238=VERTEX_POINT('',#4226);
#1239=VERTEX_POINT('',#4228);
#1240=VERTEX_POINT('',#4230);
#1241=VERTEX_POINT('',#4237);
#1242=VERTEX_POINT('',#4239);
#1243=VERTEX_POINT('',#4242);
#1244=VERTEX_POINT('',#4244);
#1245=VERTEX_POINT('',#4268);
#1246=VERTEX_POINT('',#4269);
#1247=VERTEX_POINT('',#4271);
#1248=VERTEX_POINT('',#4273);
#1249=VERTEX_POINT('',#4277);
#1250=VERTEX_POINT('',#4279);
#1251=VERTEX_POINT('',#4281);
#1252=VERTEX_POINT('',#4283);
#1253=VERTEX_POINT('',#4285);
#1254=VERTEX_POINT('',#4287);
#1255=VERTEX_POINT('',#4291);
#1256=VERTEX_POINT('',#4292);
#1257=VERTEX_POINT('',#4294);
#1258=VERTEX_POINT('',#4296);
#1259=VERTEX_POINT('',#4300);
#1260=VERTEX_POINT('',#4302);
#1261=VERTEX_POINT('',#4304);
#1262=VERTEX_POINT('',#4306);
#1263=VERTEX_POINT('',#4310);
#1264=VERTEX_POINT('',#4311);
#1265=VERTEX_POINT('',#4313);
#1266=VERTEX_POINT('',#4315);
#1267=VERTEX_POINT('',#4317);
#1268=VERTEX_POINT('',#4319);
#1269=VERTEX_POINT('',#4326);
#1270=VERTEX_POINT('',#4328);
#1271=VERTEX_POINT('',#4331);
#1272=VERTEX_POINT('',#4333);
#1273=VERTEX_POINT('',#4357);
#1274=VERTEX_POINT('',#4358);
#1275=VERTEX_POINT('',#4360);
#1276=VERTEX_POINT('',#4362);
#1277=VERTEX_POINT('',#4366);
#1278=VERTEX_POINT('',#4368);
#1279=VERTEX_POINT('',#4370);
#1280=VERTEX_POINT('',#4372);
#1281=VERTEX_POINT('',#4376);
#1282=VERTEX_POINT('',#4378);
#1283=VERTEX_POINT('',#4380);
#1284=VERTEX_POINT('',#4382);
#1285=VERTEX_POINT('',#4388);
#1286=VERTEX_POINT('',#4390);
#1287=VERTEX_POINT('',#4392);
#1288=VERTEX_POINT('',#4394);
#1289=VERTEX_POINT('',#4400);
#1290=VERTEX_POINT('',#4402);
#1291=VERTEX_POINT('',#4404);
#1292=VERTEX_POINT('',#4406);
#1293=VERTEX_POINT('',#4416);
#1294=VERTEX_POINT('',#4417);
#1295=VERTEX_POINT('',#4419);
#1296=VERTEX_POINT('',#4421);
#1297=VERTEX_POINT('',#4425);
#1298=VERTEX_POINT('',#4426);
#1299=VERTEX_POINT('',#4428);
#1300=VERTEX_POINT('',#4430);
#1301=VERTEX_POINT('',#4434);
#1302=VERTEX_POINT('',#4435);
#1303=VERTEX_POINT('',#4437);
#1304=VERTEX_POINT('',#4439);
#1305=VERTEX_POINT('',#4443);
#1306=VERTEX_POINT('',#4445);
#1307=VERTEX_POINT('',#4449);
#1308=VERTEX_POINT('',#4451);
#1309=VERTEX_POINT('',#4455);
#1310=VERTEX_POINT('',#4457);
#1311=VERTEX_POINT('',#4461);
#1312=VERTEX_POINT('',#4462);
#1313=VERTEX_POINT('',#4464);
#1314=VERTEX_POINT('',#4466);
#1315=VERTEX_POINT('',#4473);
#1316=VERTEX_POINT('',#4475);
#1317=VERTEX_POINT('',#4480);
#1318=VERTEX_POINT('',#4481);
#1319=VERTEX_POINT('',#4484);
#1320=VERTEX_POINT('',#4486);
#1321=VERTEX_POINT('',#4506);
#1322=VERTEX_POINT('',#4507);
#1323=VERTEX_POINT('',#4509);
#1324=VERTEX_POINT('',#4511);
#1325=VERTEX_POINT('',#4515);
#1326=VERTEX_POINT('',#4516);
#1327=VERTEX_POINT('',#4518);
#1328=VERTEX_POINT('',#4520);
#1329=VERTEX_POINT('',#4524);
#1330=VERTEX_POINT('',#4526);
#1331=VERTEX_POINT('',#4530);
#1332=VERTEX_POINT('',#4532);
#1333=VERTEX_POINT('',#4536);
#1334=VERTEX_POINT('',#4538);
#1335=VERTEX_POINT('',#4542);
#1336=VERTEX_POINT('',#4543);
#1337=VERTEX_POINT('',#4545);
#1338=VERTEX_POINT('',#4547);
#1339=VERTEX_POINT('',#4554);
#1340=VERTEX_POINT('',#4556);
#1341=VERTEX_POINT('',#4561);
#1342=VERTEX_POINT('',#4562);
#1343=VERTEX_POINT('',#4565);
#1344=VERTEX_POINT('',#4567);
#1345=VERTEX_POINT('',#4587);
#1346=VERTEX_POINT('',#4588);
#1347=VERTEX_POINT('',#4590);
#1348=VERTEX_POINT('',#4592);
#1349=VERTEX_POINT('',#4604);
#1350=VERTEX_POINT('',#4605);
#1351=VERTEX_POINT('',#4607);
#1352=VERTEX_POINT('',#4609);
#1353=VERTEX_POINT('',#4613);
#1354=VERTEX_POINT('',#4615);
#1355=VERTEX_POINT('',#4617);
#1356=VERTEX_POINT('',#4621);
#1357=VERTEX_POINT('',#4623);
#1358=VERTEX_POINT('',#4625);
#1359=VERTEX_POINT('',#4632);
#1360=VERTEX_POINT('',#4634);
#1361=VERTEX_POINT('',#4636);
#1362=VERTEX_POINT('',#4638);
#1363=VERTEX_POINT('',#4642);
#1364=VERTEX_POINT('',#4646);
#1365=VERTEX_POINT('',#4647);
#1366=VERTEX_POINT('',#4649);
#1367=VERTEX_POINT('',#4651);
#1368=VERTEX_POINT('',#4655);
#1369=VERTEX_POINT('',#4656);
#1370=VERTEX_POINT('',#4662);
#1371=VERTEX_POINT('',#4666);
#1372=VERTEX_POINT('',#4667);
#1373=VERTEX_POINT('',#4672);
#1374=VERTEX_POINT('',#4674);
#1375=VERTEX_POINT('',#4685);
#1376=VERTEX_POINT('',#4686);
#1377=VERTEX_POINT('',#4688);
#1378=VERTEX_POINT('',#4690);
#1379=VERTEX_POINT('',#4694);
#1380=VERTEX_POINT('',#4696);
#1381=VERTEX_POINT('',#4698);
#1382=VERTEX_POINT('',#4702);
#1383=VERTEX_POINT('',#4704);
#1384=VERTEX_POINT('',#4706);
#1385=VERTEX_POINT('',#4713);
#1386=VERTEX_POINT('',#4715);
#1387=VERTEX_POINT('',#4719);
#1388=VERTEX_POINT('',#4721);
#1389=VERTEX_POINT('',#4725);
#1390=VERTEX_POINT('',#4727);
#1391=VERTEX_POINT('',#4731);
#1392=VERTEX_POINT('',#4733);
#1393=VERTEX_POINT('',#4735);
#1394=VERTEX_POINT('',#4737);
#1395=VERTEX_POINT('',#4739);
#1396=VERTEX_POINT('',#4743);
#1397=VERTEX_POINT('',#4747);
#1398=VERTEX_POINT('',#4749);
#1399=VERTEX_POINT('',#4751);
#1400=VERTEX_POINT('',#4753);
#1401=VERTEX_POINT('',#4766);
#1402=VERTEX_POINT('',#4767);
#1403=VERTEX_POINT('',#4769);
#1404=VERTEX_POINT('',#4771);
#1405=VERTEX_POINT('',#4775);
#1406=VERTEX_POINT('',#4777);
#1407=VERTEX_POINT('',#4779);
#1408=VERTEX_POINT('',#4783);
#1409=VERTEX_POINT('',#4785);
#1410=VERTEX_POINT('',#4787);
#1411=VERTEX_POINT('',#4794);
#1412=VERTEX_POINT('',#4796);
#1413=VERTEX_POINT('',#4798);
#1414=VERTEX_POINT('',#4800);
#1415=VERTEX_POINT('',#4804);
#1416=VERTEX_POINT('',#4808);
#1417=VERTEX_POINT('',#4809);
#1418=VERTEX_POINT('',#4811);
#1419=VERTEX_POINT('',#4813);
#1420=VERTEX_POINT('',#4817);
#1421=VERTEX_POINT('',#4818);
#1422=VERTEX_POINT('',#4824);
#1423=VERTEX_POINT('',#4828);
#1424=VERTEX_POINT('',#4829);
#1425=VERTEX_POINT('',#4834);
#1426=VERTEX_POINT('',#4836);
#1427=EDGE_CURVE('',#1161,#1162,#417,.T.);
#1428=EDGE_CURVE('',#1161,#1163,#418,.T.);
#1429=EDGE_CURVE('',#1164,#1163,#419,.T.);
#1430=EDGE_CURVE('',#1164,#1162,#420,.T.);
#1431=EDGE_CURVE('',#1165,#1161,#421,.T.);
#1432=EDGE_CURVE('',#1166,#1165,#422,.T.);
#1433=EDGE_CURVE('',#1167,#1166,#45,.T.);
#1434=EDGE_CURVE('',#1168,#1167,#423,.T.);
#1435=EDGE_CURVE('',#1168,#1169,#424,.T.);
#1436=EDGE_CURVE('',#1170,#1169,#425,.T.);
#1437=EDGE_CURVE('',#1163,#1170,#46,.T.);
#1438=EDGE_CURVE('',#1171,#1172,#426,.T.);
#1439=EDGE_CURVE('',#1173,#1171,#427,.T.);
#1440=EDGE_CURVE('',#1174,#1173,#428,.T.);
#1441=EDGE_CURVE('',#1172,#1174,#429,.T.);
#1442=EDGE_CURVE('',#1175,#1171,#47,.T.);
#1443=EDGE_CURVE('',#1176,#1175,#430,.T.);
#1444=EDGE_CURVE('',#1177,#1176,#431,.T.);
#1445=EDGE_CURVE('',#1178,#1177,#432,.T.);
#1446=EDGE_CURVE('',#1173,#1178,#48,.T.);
#1447=EDGE_CURVE('',#1179,#1180,#49,.T.);
#1448=EDGE_CURVE('',#1181,#1179,#433,.T.);
#1449=EDGE_CURVE('',#1182,#1181,#50,.T.);
#1450=EDGE_CURVE('',#1183,#1182,#434,.T.);
#1451=EDGE_CURVE('',#1184,#1183,#435,.T.);
#1452=EDGE_CURVE('',#1180,#1184,#436,.T.);
#1453=EDGE_CURVE('',#1169,#1179,#437,.T.);
#1454=EDGE_CURVE('',#1181,#1168,#438,.T.);
#1455=EDGE_CURVE('',#1162,#1185,#439,.T.);
#1456=EDGE_CURVE('',#1186,#1164,#51,.T.);
#1457=EDGE_CURVE('',#1172,#1186,#440,.T.);
#1458=EDGE_CURVE('',#1187,#1174,#441,.T.);
#1459=EDGE_CURVE('',#1188,#1187,#52,.T.);
#1460=EDGE_CURVE('',#1185,#1188,#442,.T.);
#1461=EDGE_CURVE('',#1171,#1179,#443,.T.);
#1462=EDGE_CURVE('',#1175,#1180,#444,.T.);
#1463=EDGE_CURVE('',#1186,#1170,#445,.T.);
#1464=EDGE_CURVE('',#1173,#1181,#446,.T.);
#1465=EDGE_CURVE('',#1187,#1167,#447,.T.);
#1466=EDGE_CURVE('',#1165,#1185,#448,.T.);
#1467=EDGE_CURVE('',#1188,#1166,#449,.T.);
#1468=EDGE_CURVE('',#1178,#1182,#450,.T.);
#1469=EDGE_CURVE('',#1177,#1183,#451,.T.);
#1470=EDGE_CURVE('',#1176,#1184,#452,.T.);
#1471=EDGE_CURVE('',#1189,#1190,#453,.T.);
#1472=EDGE_CURVE('',#1189,#1191,#454,.T.);
#1473=EDGE_CURVE('',#1192,#1191,#455,.T.);
#1474=EDGE_CURVE('',#1192,#1190,#456,.T.);
#1475=EDGE_CURVE('',#1193,#1189,#457,.T.);
#1476=EDGE_CURVE('',#1194,#1193,#458,.T.);
#1477=EDGE_CURVE('',#1195,#1194,#53,.T.);
#1478=EDGE_CURVE('',#1196,#1195,#459,.T.);
#1479=EDGE_CURVE('',#1196,#1197,#460,.T.);
#1480=EDGE_CURVE('',#1198,#1197,#461,.T.);
#1481=EDGE_CURVE('',#1191,#1198,#54,.T.);
#1482=EDGE_CURVE('',#1199,#1200,#462,.T.);
#1483=EDGE_CURVE('',#1201,#1199,#463,.T.);
#1484=EDGE_CURVE('',#1202,#1201,#464,.T.);
#1485=EDGE_CURVE('',#1200,#1202,#465,.T.);
#1486=EDGE_CURVE('',#1203,#1199,#55,.T.);
#1487=EDGE_CURVE('',#1204,#1203,#466,.T.);
#1488=EDGE_CURVE('',#1205,#1204,#467,.T.);
#1489=EDGE_CURVE('',#1206,#1205,#468,.T.);
#1490=EDGE_CURVE('',#1201,#1206,#56,.T.);
#1491=EDGE_CURVE('',#1207,#1208,#57,.T.);
#1492=EDGE_CURVE('',#1209,#1207,#469,.T.);
#1493=EDGE_CURVE('',#1210,#1209,#58,.T.);
#1494=EDGE_CURVE('',#1211,#1210,#470,.T.);
#1495=EDGE_CURVE('',#1212,#1211,#471,.T.);
#1496=EDGE_CURVE('',#1208,#1212,#472,.T.);
#1497=EDGE_CURVE('',#1197,#1207,#473,.T.);
#1498=EDGE_CURVE('',#1209,#1196,#474,.T.);
#1499=EDGE_CURVE('',#1190,#1213,#475,.T.);
#1500=EDGE_CURVE('',#1214,#1192,#59,.T.);
#1501=EDGE_CURVE('',#1200,#1214,#476,.T.);
#1502=EDGE_CURVE('',#1215,#1202,#477,.T.);
#1503=EDGE_CURVE('',#1216,#1215,#60,.T.);
#1504=EDGE_CURVE('',#1213,#1216,#478,.T.);
#1505=EDGE_CURVE('',#1199,#1207,#479,.T.);
#1506=EDGE_CURVE('',#1203,#1208,#480,.T.);
#1507=EDGE_CURVE('',#1214,#1198,#481,.T.);
#1508=EDGE_CURVE('',#1201,#1209,#482,.T.);
#1509=EDGE_CURVE('',#1215,#1195,#483,.T.);
#1510=EDGE_CURVE('',#1193,#1213,#484,.T.);
#1511=EDGE_CURVE('',#1216,#1194,#485,.T.);
#1512=EDGE_CURVE('',#1206,#1210,#486,.T.);
#1513=EDGE_CURVE('',#1205,#1211,#487,.T.);
#1514=EDGE_CURVE('',#1204,#1212,#488,.T.);
#1515=EDGE_CURVE('',#1217,#1218,#489,.T.);
#1516=EDGE_CURVE('',#1217,#1219,#490,.T.);
#1517=EDGE_CURVE('',#1220,#1219,#491,.T.);
#1518=EDGE_CURVE('',#1220,#1218,#492,.T.);
#1519=EDGE_CURVE('',#1221,#1217,#493,.T.);
#1520=EDGE_CURVE('',#1222,#1221,#494,.T.);
#1521=EDGE_CURVE('',#1223,#1222,#61,.T.);
#1522=EDGE_CURVE('',#1224,#1223,#495,.T.);
#1523=EDGE_CURVE('',#1224,#1225,#496,.T.);
#1524=EDGE_CURVE('',#1226,#1225,#497,.T.);
#1525=EDGE_CURVE('',#1219,#1226,#62,.T.);
#1526=EDGE_CURVE('',#1227,#1228,#498,.T.);
#1527=EDGE_CURVE('',#1229,#1227,#499,.T.);
#1528=EDGE_CURVE('',#1230,#1229,#500,.T.);
#1529=EDGE_CURVE('',#1228,#1230,#501,.T.);
#1530=EDGE_CURVE('',#1231,#1227,#63,.T.);
#1531=EDGE_CURVE('',#1232,#1231,#502,.T.);
#1532=EDGE_CURVE('',#1233,#1232,#503,.T.);
#1533=EDGE_CURVE('',#1234,#1233,#504,.T.);
#1534=EDGE_CURVE('',#1229,#1234,#64,.T.);
#1535=EDGE_CURVE('',#1235,#1236,#65,.T.);
#1536=EDGE_CURVE('',#1237,#1235,#505,.T.);
#1537=EDGE_CURVE('',#1238,#1237,#66,.T.);
#1538=EDGE_CURVE('',#1239,#1238,#506,.T.);
#1539=EDGE_CURVE('',#1240,#1239,#507,.T.);
#1540=EDGE_CURVE('',#1236,#1240,#508,.T.);
#1541=EDGE_CURVE('',#1225,#1235,#509,.T.);
#1542=EDGE_CURVE('',#1237,#1224,#510,.T.);
#1543=EDGE_CURVE('',#1218,#1241,#511,.T.);
#1544=EDGE_CURVE('',#1242,#1220,#67,.T.);
#1545=EDGE_CURVE('',#1228,#1242,#512,.T.);
#1546=EDGE_CURVE('',#1243,#1230,#513,.T.);
#1547=EDGE_CURVE('',#1244,#1243,#68,.T.);
#1548=EDGE_CURVE('',#1241,#1244,#514,.T.);
#1549=EDGE_CURVE('',#1227,#1235,#515,.T.);
#1550=EDGE_CURVE('',#1231,#1236,#516,.T.);
#1551=EDGE_CURVE('',#1242,#1226,#517,.T.);
#1552=EDGE_CURVE('',#1229,#1237,#518,.T.);
#1553=EDGE_CURVE('',#1243,#1223,#519,.T.);
#1554=EDGE_CURVE('',#1221,#1241,#520,.T.);
#1555=EDGE_CURVE('',#1244,#1222,#521,.T.);
#1556=EDGE_CURVE('',#1234,#1238,#522,.T.);
#1557=EDGE_CURVE('',#1233,#1239,#523,.T.);
#1558=EDGE_CURVE('',#1232,#1240,#524,.T.);
#1559=EDGE_CURVE('',#1245,#1246,#525,.T.);
#1560=EDGE_CURVE('',#1245,#1247,#526,.T.);
#1561=EDGE_CURVE('',#1248,#1247,#527,.T.);
#1562=EDGE_CURVE('',#1248,#1246,#528,.T.);
#1563=EDGE_CURVE('',#1249,#1245,#529,.T.);
#1564=EDGE_CURVE('',#1250,#1249,#530,.T.);
#1565=EDGE_CURVE('',#1251,#1250,#69,.T.);
#1566=EDGE_CURVE('',#1252,#1251,#531,.T.);
#1567=EDGE_CURVE('',#1252,#1253,#532,.T.);
#1568=EDGE_CURVE('',#1254,#1253,#533,.T.);
#1569=EDGE_CURVE('',#1247,#1254,#70,.T.);
#1570=EDGE_CURVE('',#1255,#1256,#534,.T.);
#1571=EDGE_CURVE('',#1257,#1255,#535,.T.);
#1572=EDGE_CURVE('',#1258,#1257,#536,.T.);
#1573=EDGE_CURVE('',#1256,#1258,#537,.T.);
#1574=EDGE_CURVE('',#1259,#1255,#71,.T.);
#1575=EDGE_CURVE('',#1260,#1259,#538,.T.);
#1576=EDGE_CURVE('',#1261,#1260,#539,.T.);
#1577=EDGE_CURVE('',#1262,#1261,#540,.T.);
#1578=EDGE_CURVE('',#1257,#1262,#72,.T.);
#1579=EDGE_CURVE('',#1263,#1264,#73,.T.);
#1580=EDGE_CURVE('',#1265,#1263,#541,.T.);
#1581=EDGE_CURVE('',#1266,#1265,#74,.T.);
#1582=EDGE_CURVE('',#1267,#1266,#542,.T.);
#1583=EDGE_CURVE('',#1268,#1267,#543,.T.);
#1584=EDGE_CURVE('',#1264,#1268,#544,.T.);
#1585=EDGE_CURVE('',#1253,#1263,#545,.T.);
#1586=EDGE_CURVE('',#1265,#1252,#546,.T.);
#1587=EDGE_CURVE('',#1246,#1269,#547,.T.);
#1588=EDGE_CURVE('',#1270,#1248,#75,.T.);
#1589=EDGE_CURVE('',#1256,#1270,#548,.T.);
#1590=EDGE_CURVE('',#1271,#1258,#549,.T.);
#1591=EDGE_CURVE('',#1272,#1271,#76,.T.);
#1592=EDGE_CURVE('',#1269,#1272,#550,.T.);
#1593=EDGE_CURVE('',#1255,#1263,#551,.T.);
#1594=EDGE_CURVE('',#1259,#1264,#552,.T.);
#1595=EDGE_CURVE('',#1270,#1254,#553,.T.);
#1596=EDGE_CURVE('',#1257,#1265,#554,.T.);
#1597=EDGE_CURVE('',#1271,#1251,#555,.T.);
#1598=EDGE_CURVE('',#1249,#1269,#556,.T.);
#1599=EDGE_CURVE('',#1272,#1250,#557,.T.);
#1600=EDGE_CURVE('',#1262,#1266,#558,.T.);
#1601=EDGE_CURVE('',#1261,#1267,#559,.T.);
#1602=EDGE_CURVE('',#1260,#1268,#560,.T.);
#1603=EDGE_CURVE('',#1273,#1274,#561,.T.);
#1604=EDGE_CURVE('',#1274,#1275,#562,.T.);
#1605=EDGE_CURVE('',#1275,#1276,#563,.T.);
#1606=EDGE_CURVE('',#1276,#1273,#564,.T.);
#1607=EDGE_CURVE('',#1277,#1273,#565,.T.);
#1608=EDGE_CURVE('',#1276,#1278,#566,.T.);
#1609=EDGE_CURVE('',#1278,#1279,#567,.T.);
#1610=EDGE_CURVE('',#1279,#1280,#568,.T.);
#1611=EDGE_CURVE('',#1277,#1280,#569,.T.);
#1612=EDGE_CURVE('',#1274,#1281,#570,.T.);
#1613=EDGE_CURVE('',#1281,#1282,#571,.T.);
#1614=EDGE_CURVE('',#1282,#1283,#572,.T.);
#1615=EDGE_CURVE('',#1284,#1283,#573,.T.);
#1616=EDGE_CURVE('',#1284,#1275,#574,.T.);
#1617=EDGE_CURVE('',#1241,#1284,#575,.T.);
#1618=EDGE_CURVE('',#1283,#1279,#576,.T.);
#1619=EDGE_CURVE('',#1278,#1285,#577,.T.);
#1620=EDGE_CURVE('',#1285,#1286,#578,.T.);
#1621=EDGE_CURVE('',#1286,#1287,#579,.T.);
#1622=EDGE_CURVE('',#1287,#1288,#580,.T.);
#1623=EDGE_CURVE('',#1288,#1249,#581,.T.);
#1624=EDGE_CURVE('',#1269,#1221,#582,.T.);
#1625=EDGE_CURVE('',#1185,#1193,#583,.T.);
#1626=EDGE_CURVE('',#1213,#1289,#584,.T.);
#1627=EDGE_CURVE('',#1289,#1290,#585,.T.);
#1628=EDGE_CURVE('',#1290,#1291,#586,.T.);
#1629=EDGE_CURVE('',#1291,#1292,#587,.T.);
#1630=EDGE_CURVE('',#1292,#1277,#588,.T.);
#1631=EDGE_CURVE('',#1280,#1282,#589,.T.);
#1632=EDGE_CURVE('',#1281,#1165,#590,.T.);
#1633=EDGE_CURVE('',#1285,#1288,#591,.T.);
#1634=EDGE_CURVE('',#1289,#1292,#592,.T.);
#1635=EDGE_CURVE('',#1293,#1294,#593,.T.);
#1636=EDGE_CURVE('',#1294,#1295,#594,.T.);
#1637=EDGE_CURVE('',#1295,#1296,#595,.T.);
#1638=EDGE_CURVE('',#1296,#1293,#596,.T.);
#1639=EDGE_CURVE('',#1297,#1298,#77,.T.);
#1640=EDGE_CURVE('',#1298,#1299,#597,.T.);
#1641=EDGE_CURVE('',#1299,#1300,#78,.T.);
#1642=EDGE_CURVE('',#1297,#1300,#598,.T.);
#1643=EDGE_CURVE('',#1301,#1302,#599,.T.);
#1644=EDGE_CURVE('',#1302,#1303,#600,.T.);
#1645=EDGE_CURVE('',#1303,#1304,#601,.T.);
#1646=EDGE_CURVE('',#1301,#1304,#602,.T.);
#1647=EDGE_CURVE('',#1305,#1301,#603,.T.);
#1648=EDGE_CURVE('',#1304,#1306,#604,.T.);
#1649=EDGE_CURVE('',#1305,#1306,#605,.T.);
#1650=EDGE_CURVE('',#1307,#1305,#606,.T.);
#1651=EDGE_CURVE('',#1306,#1308,#607,.T.);
#1652=EDGE_CURVE('',#1307,#1308,#608,.T.);
#1653=EDGE_CURVE('',#1309,#1307,#79,.T.);
#1654=EDGE_CURVE('',#1308,#1310,#80,.T.);
#1655=EDGE_CURVE('',#1309,#1310,#609,.T.);
#1656=EDGE_CURVE('',#1311,#1312,#81,.T.);
#1657=EDGE_CURVE('',#1312,#1313,#610,.T.);
#1658=EDGE_CURVE('',#1313,#1314,#82,.T.);
#1659=EDGE_CURVE('',#1311,#1314,#611,.T.);
#1660=EDGE_CURVE('',#1288,#1311,#612,.T.);
#1661=EDGE_CURVE('',#1314,#1285,#613,.T.);
#1662=EDGE_CURVE('',#1315,#1309,#614,.T.);
#1663=EDGE_CURVE('',#1310,#1316,#615,.T.);
#1664=EDGE_CURVE('',#1316,#1313,#616,.T.);
#1665=EDGE_CURVE('',#1312,#1315,#617,.T.);
#1666=EDGE_CURVE('',#1317,#1318,#618,.T.);
#1667=EDGE_CURVE('',#1318,#1297,#619,.T.);
#1668=EDGE_CURVE('',#1300,#1319,#620,.T.);
#1669=EDGE_CURVE('',#1319,#1320,#621,.T.);
#1670=EDGE_CURVE('',#1317,#1320,#622,.T.);
#1671=EDGE_CURVE('',#1302,#1317,#83,.T.);
#1672=EDGE_CURVE('',#1320,#1303,#84,.T.);
#1673=EDGE_CURVE('',#1298,#1287,#623,.T.);
#1674=EDGE_CURVE('',#1318,#1315,#624,.T.);
#1675=EDGE_CURVE('',#1316,#1319,#625,.T.);
#1676=EDGE_CURVE('',#1310,#1320,#626,.T.);
#1677=EDGE_CURVE('',#1309,#1317,#627,.T.);
#1678=EDGE_CURVE('',#1286,#1299,#628,.T.);
#1679=EDGE_CURVE('',#1321,#1322,#85,.T.);
#1680=EDGE_CURVE('',#1322,#1323,#629,.T.);
#1681=EDGE_CURVE('',#1323,#1324,#86,.T.);
#1682=EDGE_CURVE('',#1321,#1324,#630,.T.);
#1683=EDGE_CURVE('',#1325,#1326,#631,.T.);
#1684=EDGE_CURVE('',#1326,#1327,#632,.T.);
#1685=EDGE_CURVE('',#1327,#1328,#633,.T.);
#1686=EDGE_CURVE('',#1325,#1328,#634,.T.);
#1687=EDGE_CURVE('',#1329,#1325,#635,.T.);
#1688=EDGE_CURVE('',#1328,#1330,#636,.T.);
#1689=EDGE_CURVE('',#1329,#1330,#637,.T.);
#1690=EDGE_CURVE('',#1331,#1329,#638,.T.);
#1691=EDGE_CURVE('',#1330,#1332,#639,.T.);
#1692=EDGE_CURVE('',#1331,#1332,#640,.T.);
#1693=EDGE_CURVE('',#1333,#1331,#87,.T.);
#1694=EDGE_CURVE('',#1332,#1334,#88,.T.);
#1695=EDGE_CURVE('',#1333,#1334,#641,.T.);
#1696=EDGE_CURVE('',#1335,#1336,#89,.T.);
#1697=EDGE_CURVE('',#1336,#1337,#642,.T.);
#1698=EDGE_CURVE('',#1337,#1338,#90,.T.);
#1699=EDGE_CURVE('',#1335,#1338,#643,.T.);
#1700=EDGE_CURVE('',#1292,#1335,#644,.T.);
#1701=EDGE_CURVE('',#1338,#1289,#645,.T.);
#1702=EDGE_CURVE('',#1339,#1333,#646,.T.);
#1703=EDGE_CURVE('',#1334,#1340,#647,.T.);
#1704=EDGE_CURVE('',#1340,#1337,#648,.T.);
#1705=EDGE_CURVE('',#1336,#1339,#649,.T.);
#1706=EDGE_CURVE('',#1341,#1342,#650,.T.);
#1707=EDGE_CURVE('',#1342,#1321,#651,.T.);
#1708=EDGE_CURVE('',#1324,#1343,#652,.T.);
#1709=EDGE_CURVE('',#1343,#1344,#653,.T.);
#1710=EDGE_CURVE('',#1341,#1344,#654,.T.);
#1711=EDGE_CURVE('',#1326,#1341,#91,.T.);
#1712=EDGE_CURVE('',#1344,#1327,#92,.T.);
#1713=EDGE_CURVE('',#1322,#1291,#655,.T.);
#1714=EDGE_CURVE('',#1342,#1339,#656,.T.);
#1715=EDGE_CURVE('',#1340,#1343,#657,.T.);
#1716=EDGE_CURVE('',#1334,#1344,#658,.T.);
#1717=EDGE_CURVE('',#1333,#1341,#659,.T.);
#1718=EDGE_CURVE('',#1290,#1323,#660,.T.);
#1719=EDGE_CURVE('',#1345,#1346,#661,.T.);
#1720=EDGE_CURVE('',#1346,#1347,#662,.T.);
#1721=EDGE_CURVE('',#1347,#1348,#663,.T.);
#1722=EDGE_CURVE('',#1348,#1345,#664,.T.);
#1723=EDGE_CURVE('',#1346,#1294,#665,.T.);
#1724=EDGE_CURVE('',#1345,#1295,#666,.T.);
#1725=EDGE_CURVE('',#1348,#1296,#667,.T.);
#1726=EDGE_CURVE('',#1347,#1293,#668,.T.);
#1727=EDGE_CURVE('',#1349,#1350,#669,.T.);
#1728=EDGE_CURVE('',#1349,#1351,#670,.T.);
#1729=EDGE_CURVE('',#1352,#1351,#671,.T.);
#1730=EDGE_CURVE('',#1350,#1352,#672,.T.);
#1731=EDGE_CURVE('',#1351,#1353,#673,.T.);
#1732=EDGE_CURVE('',#1354,#1349,#674,.T.);
#1733=EDGE_CURVE('',#1355,#1354,#675,.T.);
#1734=EDGE_CURVE('',#1355,#1353,#676,.T.);
#1735=EDGE_CURVE('',#1356,#1352,#677,.T.);
#1736=EDGE_CURVE('',#1357,#1356,#678,.T.);
#1737=EDGE_CURVE('',#1358,#1357,#679,.T.);
#1738=EDGE_CURVE('',#1350,#1358,#680,.T.);
#1739=EDGE_CURVE('',#1353,#1356,#681,.T.);
#1740=EDGE_CURVE('',#1357,#1355,#682,.T.);
#1741=EDGE_CURVE('',#1354,#1359,#683,.T.);
#1742=EDGE_CURVE('',#1359,#1360,#684,.T.);
#1743=EDGE_CURVE('',#1360,#1361,#685,.T.);
#1744=EDGE_CURVE('',#1361,#1362,#686,.T.);
#1745=EDGE_CURVE('',#1362,#1358,#687,.T.);
#1746=EDGE_CURVE('',#1363,#1349,#688,.T.);
#1747=EDGE_CURVE('',#1363,#1359,#689,.T.);
#1748=EDGE_CURVE('',#1364,#1365,#690,.T.);
#1749=EDGE_CURVE('',#1365,#1366,#691,.T.);
#1750=EDGE_CURVE('',#1366,#1367,#692,.T.);
#1751=EDGE_CURVE('',#1367,#1364,#693,.T.);
#1752=EDGE_CURVE('',#1368,#1369,#694,.T.);
#1753=EDGE_CURVE('',#1367,#1368,#695,.T.);
#1754=EDGE_CURVE('',#1366,#1369,#696,.T.);
#1755=EDGE_CURVE('',#1369,#1363,#697,.T.);
#1756=EDGE_CURVE('',#1350,#1370,#698,.T.);
#1757=EDGE_CURVE('',#1370,#1368,#699,.T.);
#1758=EDGE_CURVE('',#1371,#1372,#700,.T.);
#1759=EDGE_CURVE('',#1365,#1371,#701,.T.);
#1760=EDGE_CURVE('',#1364,#1372,#702,.T.);
#1761=EDGE_CURVE('',#1373,#1371,#703,.T.);
#1762=EDGE_CURVE('',#1372,#1374,#704,.T.);
#1763=EDGE_CURVE('',#1374,#1373,#705,.T.);
#1764=EDGE_CURVE('',#1370,#1362,#706,.T.);
#1765=EDGE_CURVE('',#1373,#1360,#707,.T.);
#1766=EDGE_CURVE('',#1374,#1361,#708,.T.);
#1767=EDGE_CURVE('',#1375,#1376,#709,.T.);
#1768=EDGE_CURVE('',#1375,#1377,#710,.T.);
#1769=EDGE_CURVE('',#1378,#1377,#711,.T.);
#1770=EDGE_CURVE('',#1376,#1378,#712,.T.);
#1771=EDGE_CURVE('',#1377,#1379,#713,.T.);
#1772=EDGE_CURVE('',#1380,#1375,#714,.T.);
#1773=EDGE_CURVE('',#1381,#1380,#715,.T.);
#1774=EDGE_CURVE('',#1381,#1379,#716,.T.);
#1775=EDGE_CURVE('',#1382,#1378,#717,.T.);
#1776=EDGE_CURVE('',#1383,#1382,#718,.T.);
#1777=EDGE_CURVE('',#1384,#1383,#719,.T.);
#1778=EDGE_CURVE('',#1376,#1384,#720,.T.);
#1779=EDGE_CURVE('',#1379,#1382,#721,.T.);
#1780=EDGE_CURVE('',#1383,#1381,#722,.T.);
#1781=EDGE_CURVE('',#1385,#1375,#723,.T.);
#1782=EDGE_CURVE('',#1385,#1386,#724,.T.);
#1783=EDGE_CURVE('',#1380,#1386,#725,.T.);
#1784=EDGE_CURVE('',#1387,#1384,#726,.T.);
#1785=EDGE_CURVE('',#1388,#1387,#727,.T.);
#1786=EDGE_CURVE('',#1376,#1388,#728,.T.);
#1787=EDGE_CURVE('',#1386,#1389,#729,.T.);
#1788=EDGE_CURVE('',#1389,#1390,#730,.T.);
#1789=EDGE_CURVE('',#1390,#1387,#731,.T.);
#1790=EDGE_CURVE('',#1391,#1390,#732,.T.);
#1791=EDGE_CURVE('',#1392,#1391,#733,.T.);
#1792=EDGE_CURVE('',#1393,#1392,#734,.T.);
#1793=EDGE_CURVE('',#1394,#1393,#735,.T.);
#1794=EDGE_CURVE('',#1394,#1395,#736,.T.);
#1795=EDGE_CURVE('',#1388,#1395,#737,.T.);
#1796=EDGE_CURVE('',#1391,#1396,#738,.T.);
#1797=EDGE_CURVE('',#1396,#1389,#739,.T.);
#1798=EDGE_CURVE('',#1397,#1385,#740,.T.);
#1799=EDGE_CURVE('',#1398,#1397,#741,.T.);
#1800=EDGE_CURVE('',#1399,#1398,#742,.T.);
#1801=EDGE_CURVE('',#1399,#1400,#743,.T.);
#1802=EDGE_CURVE('',#1396,#1400,#744,.T.);
#1803=EDGE_CURVE('',#1400,#1392,#745,.T.);
#1804=EDGE_CURVE('',#1393,#1399,#746,.T.);
#1805=EDGE_CURVE('',#1395,#1397,#747,.T.);
#1806=EDGE_CURVE('',#1398,#1394,#748,.T.);
#1807=EDGE_CURVE('',#1401,#1402,#749,.T.);
#1808=EDGE_CURVE('',#1402,#1403,#750,.T.);
#1809=EDGE_CURVE('',#1404,#1403,#751,.T.);
#1810=EDGE_CURVE('',#1401,#1404,#752,.T.);
#1811=EDGE_CURVE('',#1403,#1405,#753,.T.);
#1812=EDGE_CURVE('',#1406,#1402,#754,.T.);
#1813=EDGE_CURVE('',#1407,#1406,#755,.T.);
#1814=EDGE_CURVE('',#1407,#1405,#756,.T.);
#1815=EDGE_CURVE('',#1408,#1404,#757,.T.);
#1816=EDGE_CURVE('',#1409,#1408,#758,.T.);
#1817=EDGE_CURVE('',#1410,#1409,#759,.T.);
#1818=EDGE_CURVE('',#1401,#1410,#760,.T.);
#1819=EDGE_CURVE('',#1405,#1408,#761,.T.);
#1820=EDGE_CURVE('',#1409,#1407,#762,.T.);
#1821=EDGE_CURVE('',#1406,#1411,#763,.T.);
#1822=EDGE_CURVE('',#1411,#1412,#764,.T.);
#1823=EDGE_CURVE('',#1412,#1413,#765,.T.);
#1824=EDGE_CURVE('',#1413,#1414,#766,.T.);
#1825=EDGE_CURVE('',#1414,#1410,#767,.T.);
#1826=EDGE_CURVE('',#1402,#1415,#768,.T.);
#1827=EDGE_CURVE('',#1415,#1411,#769,.T.);
#1828=EDGE_CURVE('',#1416,#1417,#770,.T.);
#1829=EDGE_CURVE('',#1417,#1418,#771,.T.);
#1830=EDGE_CURVE('',#1418,#1419,#772,.T.);
#1831=EDGE_CURVE('',#1419,#1416,#773,.T.);
#1832=EDGE_CURVE('',#1420,#1421,#774,.T.);
#1833=EDGE_CURVE('',#1419,#1420,#775,.T.);
#1834=EDGE_CURVE('',#1418,#1421,#776,.T.);
#1835=EDGE_CURVE('',#1421,#1415,#777,.T.);
#1836=EDGE_CURVE('',#1422,#1401,#778,.T.);
#1837=EDGE_CURVE('',#1422,#1420,#779,.T.);
#1838=EDGE_CURVE('',#1423,#1424,#780,.T.);
#1839=EDGE_CURVE('',#1417,#1423,#781,.T.);
#1840=EDGE_CURVE('',#1416,#1424,#782,.T.);
#1841=EDGE_CURVE('',#1425,#1423,#783,.T.);
#1842=EDGE_CURVE('',#1424,#1426,#784,.T.);
#1843=EDGE_CURVE('',#1425,#1426,#785,.T.);
#1844=EDGE_CURVE('',#1426,#1413,#786,.T.);
#1845=EDGE_CURVE('',#1425,#1412,#787,.T.);
#1846=EDGE_CURVE('',#1422,#1414,#788,.T.);
#1847=ORIENTED_EDGE('',*,*,#1427,.F.);
#1848=ORIENTED_EDGE('',*,*,#1428,.T.);
#1849=ORIENTED_EDGE('',*,*,#1429,.F.);
#1850=ORIENTED_EDGE('',*,*,#1430,.T.);
#1851=ORIENTED_EDGE('',*,*,#1431,.F.);
#1852=ORIENTED_EDGE('',*,*,#1432,.F.);
#1853=ORIENTED_EDGE('',*,*,#1433,.F.);
#1854=ORIENTED_EDGE('',*,*,#1434,.F.);
#1855=ORIENTED_EDGE('',*,*,#1435,.T.);
#1856=ORIENTED_EDGE('',*,*,#1436,.F.);
#1857=ORIENTED_EDGE('',*,*,#1437,.F.);
#1858=ORIENTED_EDGE('',*,*,#1428,.F.);
#1859=ORIENTED_EDGE('',*,*,#1438,.F.);
#1860=ORIENTED_EDGE('',*,*,#1439,.F.);
#1861=ORIENTED_EDGE('',*,*,#1440,.F.);
#1862=ORIENTED_EDGE('',*,*,#1441,.F.);
#1863=ORIENTED_EDGE('',*,*,#1442,.F.);
#1864=ORIENTED_EDGE('',*,*,#1443,.F.);
#1865=ORIENTED_EDGE('',*,*,#1444,.F.);
#1866=ORIENTED_EDGE('',*,*,#1445,.F.);
#1867=ORIENTED_EDGE('',*,*,#1446,.F.);
#1868=ORIENTED_EDGE('',*,*,#1439,.T.);
#1869=ORIENTED_EDGE('',*,*,#1447,.F.);
#1870=ORIENTED_EDGE('',*,*,#1448,.F.);
#1871=ORIENTED_EDGE('',*,*,#1449,.F.);
#1872=ORIENTED_EDGE('',*,*,#1450,.F.);
#1873=ORIENTED_EDGE('',*,*,#1451,.F.);
#1874=ORIENTED_EDGE('',*,*,#1452,.F.);
#1875=ORIENTED_EDGE('',*,*,#1453,.F.);
#1876=ORIENTED_EDGE('',*,*,#1435,.F.);
#1877=ORIENTED_EDGE('',*,*,#1454,.F.);
#1878=ORIENTED_EDGE('',*,*,#1448,.T.);
#1879=ORIENTED_EDGE('',*,*,#1455,.F.);
#1880=ORIENTED_EDGE('',*,*,#1430,.F.);
#1881=ORIENTED_EDGE('',*,*,#1456,.F.);
#1882=ORIENTED_EDGE('',*,*,#1457,.F.);
#1883=ORIENTED_EDGE('',*,*,#1441,.T.);
#1884=ORIENTED_EDGE('',*,*,#1458,.F.);
#1885=ORIENTED_EDGE('',*,*,#1459,.F.);
#1886=ORIENTED_EDGE('',*,*,#1460,.F.);
#1887=ORIENTED_EDGE('',*,*,#1442,.T.);
#1888=ORIENTED_EDGE('',*,*,#1461,.T.);
#1889=ORIENTED_EDGE('',*,*,#1447,.T.);
#1890=ORIENTED_EDGE('',*,*,#1462,.F.);
#1891=ORIENTED_EDGE('',*,*,#1438,.T.);
#1892=ORIENTED_EDGE('',*,*,#1457,.T.);
#1893=ORIENTED_EDGE('',*,*,#1463,.T.);
#1894=ORIENTED_EDGE('',*,*,#1436,.T.);
#1895=ORIENTED_EDGE('',*,*,#1453,.T.);
#1896=ORIENTED_EDGE('',*,*,#1461,.F.);
#1897=ORIENTED_EDGE('',*,*,#1440,.T.);
#1898=ORIENTED_EDGE('',*,*,#1464,.T.);
#1899=ORIENTED_EDGE('',*,*,#1454,.T.);
#1900=ORIENTED_EDGE('',*,*,#1434,.T.);
#1901=ORIENTED_EDGE('',*,*,#1465,.F.);
#1902=ORIENTED_EDGE('',*,*,#1458,.T.);
#1903=ORIENTED_EDGE('',*,*,#1466,.T.);
#1904=ORIENTED_EDGE('',*,*,#1460,.T.);
#1905=ORIENTED_EDGE('',*,*,#1467,.T.);
#1906=ORIENTED_EDGE('',*,*,#1432,.T.);
#1907=ORIENTED_EDGE('',*,*,#1459,.T.);
#1908=ORIENTED_EDGE('',*,*,#1465,.T.);
#1909=ORIENTED_EDGE('',*,*,#1433,.T.);
#1910=ORIENTED_EDGE('',*,*,#1467,.F.);
#1911=ORIENTED_EDGE('',*,*,#1446,.T.);
#1912=ORIENTED_EDGE('',*,*,#1468,.T.);
#1913=ORIENTED_EDGE('',*,*,#1449,.T.);
#1914=ORIENTED_EDGE('',*,*,#1464,.F.);
#1915=ORIENTED_EDGE('',*,*,#1445,.T.);
#1916=ORIENTED_EDGE('',*,*,#1469,.T.);
#1917=ORIENTED_EDGE('',*,*,#1450,.T.);
#1918=ORIENTED_EDGE('',*,*,#1468,.F.);
#1919=ORIENTED_EDGE('',*,*,#1444,.T.);
#1920=ORIENTED_EDGE('',*,*,#1470,.T.);
#1921=ORIENTED_EDGE('',*,*,#1451,.T.);
#1922=ORIENTED_EDGE('',*,*,#1469,.F.);
#1923=ORIENTED_EDGE('',*,*,#1443,.T.);
#1924=ORIENTED_EDGE('',*,*,#1462,.T.);
#1925=ORIENTED_EDGE('',*,*,#1452,.T.);
#1926=ORIENTED_EDGE('',*,*,#1470,.F.);
#1927=ORIENTED_EDGE('',*,*,#1456,.T.);
#1928=ORIENTED_EDGE('',*,*,#1429,.T.);
#1929=ORIENTED_EDGE('',*,*,#1437,.T.);
#1930=ORIENTED_EDGE('',*,*,#1463,.F.);
#1931=ORIENTED_EDGE('',*,*,#1471,.F.);
#1932=ORIENTED_EDGE('',*,*,#1472,.T.);
#1933=ORIENTED_EDGE('',*,*,#1473,.F.);
#1934=ORIENTED_EDGE('',*,*,#1474,.T.);
#1935=ORIENTED_EDGE('',*,*,#1475,.F.);
#1936=ORIENTED_EDGE('',*,*,#1476,.F.);
#1937=ORIENTED_EDGE('',*,*,#1477,.F.);
#1938=ORIENTED_EDGE('',*,*,#1478,.F.);
#1939=ORIENTED_EDGE('',*,*,#1479,.T.);
#1940=ORIENTED_EDGE('',*,*,#1480,.F.);
#1941=ORIENTED_EDGE('',*,*,#1481,.F.);
#1942=ORIENTED_EDGE('',*,*,#1472,.F.);
#1943=ORIENTED_EDGE('',*,*,#1482,.F.);
#1944=ORIENTED_EDGE('',*,*,#1483,.F.);
#1945=ORIENTED_EDGE('',*,*,#1484,.F.);
#1946=ORIENTED_EDGE('',*,*,#1485,.F.);
#1947=ORIENTED_EDGE('',*,*,#1486,.F.);
#1948=ORIENTED_EDGE('',*,*,#1487,.F.);
#1949=ORIENTED_EDGE('',*,*,#1488,.F.);
#1950=ORIENTED_EDGE('',*,*,#1489,.F.);
#1951=ORIENTED_EDGE('',*,*,#1490,.F.);
#1952=ORIENTED_EDGE('',*,*,#1483,.T.);
#1953=ORIENTED_EDGE('',*,*,#1491,.F.);
#1954=ORIENTED_EDGE('',*,*,#1492,.F.);
#1955=ORIENTED_EDGE('',*,*,#1493,.F.);
#1956=ORIENTED_EDGE('',*,*,#1494,.F.);
#1957=ORIENTED_EDGE('',*,*,#1495,.F.);
#1958=ORIENTED_EDGE('',*,*,#1496,.F.);
#1959=ORIENTED_EDGE('',*,*,#1497,.F.);
#1960=ORIENTED_EDGE('',*,*,#1479,.F.);
#1961=ORIENTED_EDGE('',*,*,#1498,.F.);
#1962=ORIENTED_EDGE('',*,*,#1492,.T.);
#1963=ORIENTED_EDGE('',*,*,#1499,.F.);
#1964=ORIENTED_EDGE('',*,*,#1474,.F.);
#1965=ORIENTED_EDGE('',*,*,#1500,.F.);
#1966=ORIENTED_EDGE('',*,*,#1501,.F.);
#1967=ORIENTED_EDGE('',*,*,#1485,.T.);
#1968=ORIENTED_EDGE('',*,*,#1502,.F.);
#1969=ORIENTED_EDGE('',*,*,#1503,.F.);
#1970=ORIENTED_EDGE('',*,*,#1504,.F.);
#1971=ORIENTED_EDGE('',*,*,#1486,.T.);
#1972=ORIENTED_EDGE('',*,*,#1505,.T.);
#1973=ORIENTED_EDGE('',*,*,#1491,.T.);
#1974=ORIENTED_EDGE('',*,*,#1506,.F.);
#1975=ORIENTED_EDGE('',*,*,#1482,.T.);
#1976=ORIENTED_EDGE('',*,*,#1501,.T.);
#1977=ORIENTED_EDGE('',*,*,#1507,.T.);
#1978=ORIENTED_EDGE('',*,*,#1480,.T.);
#1979=ORIENTED_EDGE('',*,*,#1497,.T.);
#1980=ORIENTED_EDGE('',*,*,#1505,.F.);
#1981=ORIENTED_EDGE('',*,*,#1484,.T.);
#1982=ORIENTED_EDGE('',*,*,#1508,.T.);
#1983=ORIENTED_EDGE('',*,*,#1498,.T.);
#1984=ORIENTED_EDGE('',*,*,#1478,.T.);
#1985=ORIENTED_EDGE('',*,*,#1509,.F.);
#1986=ORIENTED_EDGE('',*,*,#1502,.T.);
#1987=ORIENTED_EDGE('',*,*,#1510,.T.);
#1988=ORIENTED_EDGE('',*,*,#1504,.T.);
#1989=ORIENTED_EDGE('',*,*,#1511,.T.);
#1990=ORIENTED_EDGE('',*,*,#1476,.T.);
#1991=ORIENTED_EDGE('',*,*,#1503,.T.);
#1992=ORIENTED_EDGE('',*,*,#1509,.T.);
#1993=ORIENTED_EDGE('',*,*,#1477,.T.);
#1994=ORIENTED_EDGE('',*,*,#1511,.F.);
#1995=ORIENTED_EDGE('',*,*,#1490,.T.);
#1996=ORIENTED_EDGE('',*,*,#1512,.T.);
#1997=ORIENTED_EDGE('',*,*,#1493,.T.);
#1998=ORIENTED_EDGE('',*,*,#1508,.F.);
#1999=ORIENTED_EDGE('',*,*,#1489,.T.);
#2000=ORIENTED_EDGE('',*,*,#1513,.T.);
#2001=ORIENTED_EDGE('',*,*,#1494,.T.);
#2002=ORIENTED_EDGE('',*,*,#1512,.F.);
#2003=ORIENTED_EDGE('',*,*,#1488,.T.);
#2004=ORIENTED_EDGE('',*,*,#1514,.T.);
#2005=ORIENTED_EDGE('',*,*,#1495,.T.);
#2006=ORIENTED_EDGE('',*,*,#1513,.F.);
#2007=ORIENTED_EDGE('',*,*,#1487,.T.);
#2008=ORIENTED_EDGE('',*,*,#1506,.T.);
#2009=ORIENTED_EDGE('',*,*,#1496,.T.);
#2010=ORIENTED_EDGE('',*,*,#1514,.F.);
#2011=ORIENTED_EDGE('',*,*,#1500,.T.);
#2012=ORIENTED_EDGE('',*,*,#1473,.T.);
#2013=ORIENTED_EDGE('',*,*,#1481,.T.);
#2014=ORIENTED_EDGE('',*,*,#1507,.F.);
#2015=ORIENTED_EDGE('',*,*,#1515,.F.);
#2016=ORIENTED_EDGE('',*,*,#1516,.T.);
#2017=ORIENTED_EDGE('',*,*,#1517,.F.);
#2018=ORIENTED_EDGE('',*,*,#1518,.T.);
#2019=ORIENTED_EDGE('',*,*,#1519,.F.);
#2020=ORIENTED_EDGE('',*,*,#1520,.F.);
#2021=ORIENTED_EDGE('',*,*,#1521,.F.);
#2022=ORIENTED_EDGE('',*,*,#1522,.F.);
#2023=ORIENTED_EDGE('',*,*,#1523,.T.);
#2024=ORIENTED_EDGE('',*,*,#1524,.F.);
#2025=ORIENTED_EDGE('',*,*,#1525,.F.);
#2026=ORIENTED_EDGE('',*,*,#1516,.F.);
#2027=ORIENTED_EDGE('',*,*,#1526,.F.);
#2028=ORIENTED_EDGE('',*,*,#1527,.F.);
#2029=ORIENTED_EDGE('',*,*,#1528,.F.);
#2030=ORIENTED_EDGE('',*,*,#1529,.F.);
#2031=ORIENTED_EDGE('',*,*,#1530,.F.);
#2032=ORIENTED_EDGE('',*,*,#1531,.F.);
#2033=ORIENTED_EDGE('',*,*,#1532,.F.);
#2034=ORIENTED_EDGE('',*,*,#1533,.F.);
#2035=ORIENTED_EDGE('',*,*,#1534,.F.);
#2036=ORIENTED_EDGE('',*,*,#1527,.T.);
#2037=ORIENTED_EDGE('',*,*,#1535,.F.);
#2038=ORIENTED_EDGE('',*,*,#1536,.F.);
#2039=ORIENTED_EDGE('',*,*,#1537,.F.);
#2040=ORIENTED_EDGE('',*,*,#1538,.F.);
#2041=ORIENTED_EDGE('',*,*,#1539,.F.);
#2042=ORIENTED_EDGE('',*,*,#1540,.F.);
#2043=ORIENTED_EDGE('',*,*,#1541,.F.);
#2044=ORIENTED_EDGE('',*,*,#1523,.F.);
#2045=ORIENTED_EDGE('',*,*,#1542,.F.);
#2046=ORIENTED_EDGE('',*,*,#1536,.T.);
#2047=ORIENTED_EDGE('',*,*,#1543,.F.);
#2048=ORIENTED_EDGE('',*,*,#1518,.F.);
#2049=ORIENTED_EDGE('',*,*,#1544,.F.);
#2050=ORIENTED_EDGE('',*,*,#1545,.F.);
#2051=ORIENTED_EDGE('',*,*,#1529,.T.);
#2052=ORIENTED_EDGE('',*,*,#1546,.F.);
#2053=ORIENTED_EDGE('',*,*,#1547,.F.);
#2054=ORIENTED_EDGE('',*,*,#1548,.F.);
#2055=ORIENTED_EDGE('',*,*,#1530,.T.);
#2056=ORIENTED_EDGE('',*,*,#1549,.T.);
#2057=ORIENTED_EDGE('',*,*,#1535,.T.);
#2058=ORIENTED_EDGE('',*,*,#1550,.F.);
#2059=ORIENTED_EDGE('',*,*,#1526,.T.);
#2060=ORIENTED_EDGE('',*,*,#1545,.T.);
#2061=ORIENTED_EDGE('',*,*,#1551,.T.);
#2062=ORIENTED_EDGE('',*,*,#1524,.T.);
#2063=ORIENTED_EDGE('',*,*,#1541,.T.);
#2064=ORIENTED_EDGE('',*,*,#1549,.F.);
#2065=ORIENTED_EDGE('',*,*,#1528,.T.);
#2066=ORIENTED_EDGE('',*,*,#1552,.T.);
#2067=ORIENTED_EDGE('',*,*,#1542,.T.);
#2068=ORIENTED_EDGE('',*,*,#1522,.T.);
#2069=ORIENTED_EDGE('',*,*,#1553,.F.);
#2070=ORIENTED_EDGE('',*,*,#1546,.T.);
#2071=ORIENTED_EDGE('',*,*,#1554,.T.);
#2072=ORIENTED_EDGE('',*,*,#1548,.T.);
#2073=ORIENTED_EDGE('',*,*,#1555,.T.);
#2074=ORIENTED_EDGE('',*,*,#1520,.T.);
#2075=ORIENTED_EDGE('',*,*,#1547,.T.);
#2076=ORIENTED_EDGE('',*,*,#1553,.T.);
#2077=ORIENTED_EDGE('',*,*,#1521,.T.);
#2078=ORIENTED_EDGE('',*,*,#1555,.F.);
#2079=ORIENTED_EDGE('',*,*,#1534,.T.);
#2080=ORIENTED_EDGE('',*,*,#1556,.T.);
#2081=ORIENTED_EDGE('',*,*,#1537,.T.);
#2082=ORIENTED_EDGE('',*,*,#1552,.F.);
#2083=ORIENTED_EDGE('',*,*,#1533,.T.);
#2084=ORIENTED_EDGE('',*,*,#1557,.T.);
#2085=ORIENTED_EDGE('',*,*,#1538,.T.);
#2086=ORIENTED_EDGE('',*,*,#1556,.F.);
#2087=ORIENTED_EDGE('',*,*,#1532,.T.);
#2088=ORIENTED_EDGE('',*,*,#1558,.T.);
#2089=ORIENTED_EDGE('',*,*,#1539,.T.);
#2090=ORIENTED_EDGE('',*,*,#1557,.F.);
#2091=ORIENTED_EDGE('',*,*,#1531,.T.);
#2092=ORIENTED_EDGE('',*,*,#1550,.T.);
#2093=ORIENTED_EDGE('',*,*,#1540,.T.);
#2094=ORIENTED_EDGE('',*,*,#1558,.F.);
#2095=ORIENTED_EDGE('',*,*,#1544,.T.);
#2096=ORIENTED_EDGE('',*,*,#1517,.T.);
#2097=ORIENTED_EDGE('',*,*,#1525,.T.);
#2098=ORIENTED_EDGE('',*,*,#1551,.F.);
#2099=ORIENTED_EDGE('',*,*,#1559,.F.);
#2100=ORIENTED_EDGE('',*,*,#1560,.T.);
#2101=ORIENTED_EDGE('',*,*,#1561,.F.);
#2102=ORIENTED_EDGE('',*,*,#1562,.T.);
#2103=ORIENTED_EDGE('',*,*,#1563,.F.);
#2104=ORIENTED_EDGE('',*,*,#1564,.F.);
#2105=ORIENTED_EDGE('',*,*,#1565,.F.);
#2106=ORIENTED_EDGE('',*,*,#1566,.F.);
#2107=ORIENTED_EDGE('',*,*,#1567,.T.);
#2108=ORIENTED_EDGE('',*,*,#1568,.F.);
#2109=ORIENTED_EDGE('',*,*,#1569,.F.);
#2110=ORIENTED_EDGE('',*,*,#1560,.F.);
#2111=ORIENTED_EDGE('',*,*,#1570,.F.);
#2112=ORIENTED_EDGE('',*,*,#1571,.F.);
#2113=ORIENTED_EDGE('',*,*,#1572,.F.);
#2114=ORIENTED_EDGE('',*,*,#1573,.F.);
#2115=ORIENTED_EDGE('',*,*,#1574,.F.);
#2116=ORIENTED_EDGE('',*,*,#1575,.F.);
#2117=ORIENTED_EDGE('',*,*,#1576,.F.);
#2118=ORIENTED_EDGE('',*,*,#1577,.F.);
#2119=ORIENTED_EDGE('',*,*,#1578,.F.);
#2120=ORIENTED_EDGE('',*,*,#1571,.T.);
#2121=ORIENTED_EDGE('',*,*,#1579,.F.);
#2122=ORIENTED_EDGE('',*,*,#1580,.F.);
#2123=ORIENTED_EDGE('',*,*,#1581,.F.);
#2124=ORIENTED_EDGE('',*,*,#1582,.F.);
#2125=ORIENTED_EDGE('',*,*,#1583,.F.);
#2126=ORIENTED_EDGE('',*,*,#1584,.F.);
#2127=ORIENTED_EDGE('',*,*,#1585,.F.);
#2128=ORIENTED_EDGE('',*,*,#1567,.F.);
#2129=ORIENTED_EDGE('',*,*,#1586,.F.);
#2130=ORIENTED_EDGE('',*,*,#1580,.T.);
#2131=ORIENTED_EDGE('',*,*,#1587,.F.);
#2132=ORIENTED_EDGE('',*,*,#1562,.F.);
#2133=ORIENTED_EDGE('',*,*,#1588,.F.);
#2134=ORIENTED_EDGE('',*,*,#1589,.F.);
#2135=ORIENTED_EDGE('',*,*,#1573,.T.);
#2136=ORIENTED_EDGE('',*,*,#1590,.F.);
#2137=ORIENTED_EDGE('',*,*,#1591,.F.);
#2138=ORIENTED_EDGE('',*,*,#1592,.F.);
#2139=ORIENTED_EDGE('',*,*,#1574,.T.);
#2140=ORIENTED_EDGE('',*,*,#1593,.T.);
#2141=ORIENTED_EDGE('',*,*,#1579,.T.);
#2142=ORIENTED_EDGE('',*,*,#1594,.F.);
#2143=ORIENTED_EDGE('',*,*,#1570,.T.);
#2144=ORIENTED_EDGE('',*,*,#1589,.T.);
#2145=ORIENTED_EDGE('',*,*,#1595,.T.);
#2146=ORIENTED_EDGE('',*,*,#1568,.T.);
#2147=ORIENTED_EDGE('',*,*,#1585,.T.);
#2148=ORIENTED_EDGE('',*,*,#1593,.F.);
#2149=ORIENTED_EDGE('',*,*,#1572,.T.);
#2150=ORIENTED_EDGE('',*,*,#1596,.T.);
#2151=ORIENTED_EDGE('',*,*,#1586,.T.);
#2152=ORIENTED_EDGE('',*,*,#1566,.T.);
#2153=ORIENTED_EDGE('',*,*,#1597,.F.);
#2154=ORIENTED_EDGE('',*,*,#1590,.T.);
#2155=ORIENTED_EDGE('',*,*,#1598,.T.);
#2156=ORIENTED_EDGE('',*,*,#1592,.T.);
#2157=ORIENTED_EDGE('',*,*,#1599,.T.);
#2158=ORIENTED_EDGE('',*,*,#1564,.T.);
#2159=ORIENTED_EDGE('',*,*,#1591,.T.);
#2160=ORIENTED_EDGE('',*,*,#1597,.T.);
#2161=ORIENTED_EDGE('',*,*,#1565,.T.);
#2162=ORIENTED_EDGE('',*,*,#1599,.F.);
#2163=ORIENTED_EDGE('',*,*,#1578,.T.);
#2164=ORIENTED_EDGE('',*,*,#1600,.T.);
#2165=ORIENTED_EDGE('',*,*,#1581,.T.);
#2166=ORIENTED_EDGE('',*,*,#1596,.F.);
#2167=ORIENTED_EDGE('',*,*,#1577,.T.);
#2168=ORIENTED_EDGE('',*,*,#1601,.T.);
#2169=ORIENTED_EDGE('',*,*,#1582,.T.);
#2170=ORIENTED_EDGE('',*,*,#1600,.F.);
#2171=ORIENTED_EDGE('',*,*,#1576,.T.);
#2172=ORIENTED_EDGE('',*,*,#1602,.T.);
#2173=ORIENTED_EDGE('',*,*,#1583,.T.);
#2174=ORIENTED_EDGE('',*,*,#1601,.F.);
#2175=ORIENTED_EDGE('',*,*,#1575,.T.);
#2176=ORIENTED_EDGE('',*,*,#1594,.T.);
#2177=ORIENTED_EDGE('',*,*,#1584,.T.);
#2178=ORIENTED_EDGE('',*,*,#1602,.F.);
#2179=ORIENTED_EDGE('',*,*,#1588,.T.);
#2180=ORIENTED_EDGE('',*,*,#1561,.T.);
#2181=ORIENTED_EDGE('',*,*,#1569,.T.);
#2182=ORIENTED_EDGE('',*,*,#1595,.F.);
#2183=ORIENTED_EDGE('',*,*,#1603,.T.);
#2184=ORIENTED_EDGE('',*,*,#1604,.T.);
#2185=ORIENTED_EDGE('',*,*,#1605,.T.);
#2186=ORIENTED_EDGE('',*,*,#1606,.T.);
#2187=ORIENTED_EDGE('',*,*,#1607,.T.);
#2188=ORIENTED_EDGE('',*,*,#1606,.F.);
#2189=ORIENTED_EDGE('',*,*,#1608,.T.);
#2190=ORIENTED_EDGE('',*,*,#1609,.T.);
#2191=ORIENTED_EDGE('',*,*,#1610,.T.);
#2192=ORIENTED_EDGE('',*,*,#1611,.F.);
#2193=ORIENTED_EDGE('',*,*,#1612,.T.);
#2194=ORIENTED_EDGE('',*,*,#1613,.T.);
#2195=ORIENTED_EDGE('',*,*,#1614,.T.);
#2196=ORIENTED_EDGE('',*,*,#1615,.F.);
#2197=ORIENTED_EDGE('',*,*,#1616,.T.);
#2198=ORIENTED_EDGE('',*,*,#1604,.F.);
#2199=ORIENTED_EDGE('',*,*,#1543,.T.);
#2200=ORIENTED_EDGE('',*,*,#1617,.T.);
#2201=ORIENTED_EDGE('',*,*,#1615,.T.);
#2202=ORIENTED_EDGE('',*,*,#1618,.T.);
#2203=ORIENTED_EDGE('',*,*,#1609,.F.);
#2204=ORIENTED_EDGE('',*,*,#1619,.T.);
#2205=ORIENTED_EDGE('',*,*,#1620,.T.);
#2206=ORIENTED_EDGE('',*,*,#1621,.T.);
#2207=ORIENTED_EDGE('',*,*,#1622,.T.);
#2208=ORIENTED_EDGE('',*,*,#1623,.T.);
#2209=ORIENTED_EDGE('',*,*,#1563,.T.);
#2210=ORIENTED_EDGE('',*,*,#1559,.T.);
#2211=ORIENTED_EDGE('',*,*,#1587,.T.);
#2212=ORIENTED_EDGE('',*,*,#1624,.T.);
#2213=ORIENTED_EDGE('',*,*,#1519,.T.);
#2214=ORIENTED_EDGE('',*,*,#1515,.T.);
#2215=ORIENTED_EDGE('',*,*,#1455,.T.);
#2216=ORIENTED_EDGE('',*,*,#1625,.T.);
#2217=ORIENTED_EDGE('',*,*,#1475,.T.);
#2218=ORIENTED_EDGE('',*,*,#1471,.T.);
#2219=ORIENTED_EDGE('',*,*,#1499,.T.);
#2220=ORIENTED_EDGE('',*,*,#1626,.T.);
#2221=ORIENTED_EDGE('',*,*,#1627,.T.);
#2222=ORIENTED_EDGE('',*,*,#1628,.T.);
#2223=ORIENTED_EDGE('',*,*,#1629,.T.);
#2224=ORIENTED_EDGE('',*,*,#1630,.T.);
#2225=ORIENTED_EDGE('',*,*,#1611,.T.);
#2226=ORIENTED_EDGE('',*,*,#1631,.T.);
#2227=ORIENTED_EDGE('',*,*,#1613,.F.);
#2228=ORIENTED_EDGE('',*,*,#1632,.T.);
#2229=ORIENTED_EDGE('',*,*,#1431,.T.);
#2230=ORIENTED_EDGE('',*,*,#1427,.T.);
#2231=ORIENTED_EDGE('',*,*,#1608,.F.);
#2232=ORIENTED_EDGE('',*,*,#1605,.F.);
#2233=ORIENTED_EDGE('',*,*,#1616,.F.);
#2234=ORIENTED_EDGE('',*,*,#1617,.F.);
#2235=ORIENTED_EDGE('',*,*,#1554,.F.);
#2236=ORIENTED_EDGE('',*,*,#1624,.F.);
#2237=ORIENTED_EDGE('',*,*,#1598,.F.);
#2238=ORIENTED_EDGE('',*,*,#1623,.F.);
#2239=ORIENTED_EDGE('',*,*,#1633,.F.);
#2240=ORIENTED_EDGE('',*,*,#1619,.F.);
#2241=ORIENTED_EDGE('',*,*,#1607,.F.);
#2242=ORIENTED_EDGE('',*,*,#1630,.F.);
#2243=ORIENTED_EDGE('',*,*,#1634,.F.);
#2244=ORIENTED_EDGE('',*,*,#1626,.F.);
#2245=ORIENTED_EDGE('',*,*,#1510,.F.);
#2246=ORIENTED_EDGE('',*,*,#1625,.F.);
#2247=ORIENTED_EDGE('',*,*,#1466,.F.);
#2248=ORIENTED_EDGE('',*,*,#1632,.F.);
#2249=ORIENTED_EDGE('',*,*,#1612,.F.);
#2250=ORIENTED_EDGE('',*,*,#1603,.F.);
#2251=ORIENTED_EDGE('',*,*,#1614,.F.);
#2252=ORIENTED_EDGE('',*,*,#1631,.F.);
#2253=ORIENTED_EDGE('',*,*,#1610,.F.);
#2254=ORIENTED_EDGE('',*,*,#1618,.F.);
#2255=ORIENTED_EDGE('',*,*,#1635,.T.);
#2256=ORIENTED_EDGE('',*,*,#1636,.T.);
#2257=ORIENTED_EDGE('',*,*,#1637,.T.);
#2258=ORIENTED_EDGE('',*,*,#1638,.T.);
#2259=ORIENTED_EDGE('',*,*,#1639,.T.);
#2260=ORIENTED_EDGE('',*,*,#1640,.T.);
#2261=ORIENTED_EDGE('',*,*,#1641,.T.);
#2262=ORIENTED_EDGE('',*,*,#1642,.F.);
#2263=ORIENTED_EDGE('',*,*,#1643,.T.);
#2264=ORIENTED_EDGE('',*,*,#1644,.T.);
#2265=ORIENTED_EDGE('',*,*,#1645,.T.);
#2266=ORIENTED_EDGE('',*,*,#1646,.F.);
#2267=ORIENTED_EDGE('',*,*,#1647,.T.);
#2268=ORIENTED_EDGE('',*,*,#1646,.T.);
#2269=ORIENTED_EDGE('',*,*,#1648,.T.);
#2270=ORIENTED_EDGE('',*,*,#1649,.F.);
#2271=ORIENTED_EDGE('',*,*,#1650,.T.);
#2272=ORIENTED_EDGE('',*,*,#1649,.T.);
#2273=ORIENTED_EDGE('',*,*,#1651,.T.);
#2274=ORIENTED_EDGE('',*,*,#1652,.F.);
#2275=ORIENTED_EDGE('',*,*,#1653,.T.);
#2276=ORIENTED_EDGE('',*,*,#1652,.T.);
#2277=ORIENTED_EDGE('',*,*,#1654,.T.);
#2278=ORIENTED_EDGE('',*,*,#1655,.F.);
#2279=ORIENTED_EDGE('',*,*,#1656,.T.);
#2280=ORIENTED_EDGE('',*,*,#1657,.T.);
#2281=ORIENTED_EDGE('',*,*,#1658,.T.);
#2282=ORIENTED_EDGE('',*,*,#1659,.F.);
#2283=ORIENTED_EDGE('',*,*,#1633,.T.);
#2284=ORIENTED_EDGE('',*,*,#1660,.T.);
#2285=ORIENTED_EDGE('',*,*,#1659,.T.);
#2286=ORIENTED_EDGE('',*,*,#1661,.T.);
#2287=ORIENTED_EDGE('',*,*,#1662,.T.);
#2288=ORIENTED_EDGE('',*,*,#1655,.T.);
#2289=ORIENTED_EDGE('',*,*,#1663,.T.);
#2290=ORIENTED_EDGE('',*,*,#1664,.T.);
#2291=ORIENTED_EDGE('',*,*,#1657,.F.);
#2292=ORIENTED_EDGE('',*,*,#1665,.T.);
#2293=ORIENTED_EDGE('',*,*,#1666,.T.);
#2294=ORIENTED_EDGE('',*,*,#1667,.T.);
#2295=ORIENTED_EDGE('',*,*,#1642,.T.);
#2296=ORIENTED_EDGE('',*,*,#1668,.T.);
#2297=ORIENTED_EDGE('',*,*,#1669,.T.);
#2298=ORIENTED_EDGE('',*,*,#1670,.F.);
#2299=ORIENTED_EDGE('',*,*,#1671,.T.);
#2300=ORIENTED_EDGE('',*,*,#1670,.T.);
#2301=ORIENTED_EDGE('',*,*,#1672,.T.);
#2302=ORIENTED_EDGE('',*,*,#1644,.F.);
#2303=ORIENTED_EDGE('',*,*,#1622,.F.);
#2304=ORIENTED_EDGE('',*,*,#1673,.F.);
#2305=ORIENTED_EDGE('',*,*,#1639,.F.);
#2306=ORIENTED_EDGE('',*,*,#1667,.F.);
#2307=ORIENTED_EDGE('',*,*,#1674,.T.);
#2308=ORIENTED_EDGE('',*,*,#1665,.F.);
#2309=ORIENTED_EDGE('',*,*,#1656,.F.);
#2310=ORIENTED_EDGE('',*,*,#1660,.F.);
#2311=ORIENTED_EDGE('',*,*,#1669,.F.);
#2312=ORIENTED_EDGE('',*,*,#1675,.F.);
#2313=ORIENTED_EDGE('',*,*,#1663,.F.);
#2314=ORIENTED_EDGE('',*,*,#1676,.T.);
#2315=ORIENTED_EDGE('',*,*,#1672,.F.);
#2316=ORIENTED_EDGE('',*,*,#1676,.F.);
#2317=ORIENTED_EDGE('',*,*,#1654,.F.);
#2318=ORIENTED_EDGE('',*,*,#1651,.F.);
#2319=ORIENTED_EDGE('',*,*,#1648,.F.);
#2320=ORIENTED_EDGE('',*,*,#1645,.F.);
#2321=ORIENTED_EDGE('',*,*,#1671,.F.);
#2322=ORIENTED_EDGE('',*,*,#1643,.F.);
#2323=ORIENTED_EDGE('',*,*,#1647,.F.);
#2324=ORIENTED_EDGE('',*,*,#1650,.F.);
#2325=ORIENTED_EDGE('',*,*,#1653,.F.);
#2326=ORIENTED_EDGE('',*,*,#1677,.T.);
#2327=ORIENTED_EDGE('',*,*,#1666,.F.);
#2328=ORIENTED_EDGE('',*,*,#1677,.F.);
#2329=ORIENTED_EDGE('',*,*,#1662,.F.);
#2330=ORIENTED_EDGE('',*,*,#1674,.F.);
#2331=ORIENTED_EDGE('',*,*,#1620,.F.);
#2332=ORIENTED_EDGE('',*,*,#1661,.F.);
#2333=ORIENTED_EDGE('',*,*,#1658,.F.);
#2334=ORIENTED_EDGE('',*,*,#1664,.F.);
#2335=ORIENTED_EDGE('',*,*,#1675,.T.);
#2336=ORIENTED_EDGE('',*,*,#1668,.F.);
#2337=ORIENTED_EDGE('',*,*,#1641,.F.);
#2338=ORIENTED_EDGE('',*,*,#1678,.F.);
#2339=ORIENTED_EDGE('',*,*,#1621,.F.);
#2340=ORIENTED_EDGE('',*,*,#1678,.T.);
#2341=ORIENTED_EDGE('',*,*,#1640,.F.);
#2342=ORIENTED_EDGE('',*,*,#1673,.T.);
#2343=ORIENTED_EDGE('',*,*,#1679,.T.);
#2344=ORIENTED_EDGE('',*,*,#1680,.T.);
#2345=ORIENTED_EDGE('',*,*,#1681,.T.);
#2346=ORIENTED_EDGE('',*,*,#1682,.F.);
#2347=ORIENTED_EDGE('',*,*,#1683,.T.);
#2348=ORIENTED_EDGE('',*,*,#1684,.T.);
#2349=ORIENTED_EDGE('',*,*,#1685,.T.);
#2350=ORIENTED_EDGE('',*,*,#1686,.F.);
#2351=ORIENTED_EDGE('',*,*,#1687,.T.);
#2352=ORIENTED_EDGE('',*,*,#1686,.T.);
#2353=ORIENTED_EDGE('',*,*,#1688,.T.);
#2354=ORIENTED_EDGE('',*,*,#1689,.F.);
#2355=ORIENTED_EDGE('',*,*,#1690,.T.);
#2356=ORIENTED_EDGE('',*,*,#1689,.T.);
#2357=ORIENTED_EDGE('',*,*,#1691,.T.);
#2358=ORIENTED_EDGE('',*,*,#1692,.F.);
#2359=ORIENTED_EDGE('',*,*,#1693,.T.);
#2360=ORIENTED_EDGE('',*,*,#1692,.T.);
#2361=ORIENTED_EDGE('',*,*,#1694,.T.);
#2362=ORIENTED_EDGE('',*,*,#1695,.F.);
#2363=ORIENTED_EDGE('',*,*,#1696,.T.);
#2364=ORIENTED_EDGE('',*,*,#1697,.T.);
#2365=ORIENTED_EDGE('',*,*,#1698,.T.);
#2366=ORIENTED_EDGE('',*,*,#1699,.F.);
#2367=ORIENTED_EDGE('',*,*,#1634,.T.);
#2368=ORIENTED_EDGE('',*,*,#1700,.T.);
#2369=ORIENTED_EDGE('',*,*,#1699,.T.);
#2370=ORIENTED_EDGE('',*,*,#1701,.T.);
#2371=ORIENTED_EDGE('',*,*,#1702,.T.);
#2372=ORIENTED_EDGE('',*,*,#1695,.T.);
#2373=ORIENTED_EDGE('',*,*,#1703,.T.);
#2374=ORIENTED_EDGE('',*,*,#1704,.T.);
#2375=ORIENTED_EDGE('',*,*,#1697,.F.);
#2376=ORIENTED_EDGE('',*,*,#1705,.T.);
#2377=ORIENTED_EDGE('',*,*,#1706,.T.);
#2378=ORIENTED_EDGE('',*,*,#1707,.T.);
#2379=ORIENTED_EDGE('',*,*,#1682,.T.);
#2380=ORIENTED_EDGE('',*,*,#1708,.T.);
#2381=ORIENTED_EDGE('',*,*,#1709,.T.);
#2382=ORIENTED_EDGE('',*,*,#1710,.F.);
#2383=ORIENTED_EDGE('',*,*,#1711,.T.);
#2384=ORIENTED_EDGE('',*,*,#1710,.T.);
#2385=ORIENTED_EDGE('',*,*,#1712,.T.);
#2386=ORIENTED_EDGE('',*,*,#1684,.F.);
#2387=ORIENTED_EDGE('',*,*,#1629,.F.);
#2388=ORIENTED_EDGE('',*,*,#1713,.F.);
#2389=ORIENTED_EDGE('',*,*,#1679,.F.);
#2390=ORIENTED_EDGE('',*,*,#1707,.F.);
#2391=ORIENTED_EDGE('',*,*,#1714,.T.);
#2392=ORIENTED_EDGE('',*,*,#1705,.F.);
#2393=ORIENTED_EDGE('',*,*,#1696,.F.);
#2394=ORIENTED_EDGE('',*,*,#1700,.F.);
#2395=ORIENTED_EDGE('',*,*,#1709,.F.);
#2396=ORIENTED_EDGE('',*,*,#1715,.F.);
#2397=ORIENTED_EDGE('',*,*,#1703,.F.);
#2398=ORIENTED_EDGE('',*,*,#1716,.T.);
#2399=ORIENTED_EDGE('',*,*,#1712,.F.);
#2400=ORIENTED_EDGE('',*,*,#1716,.F.);
#2401=ORIENTED_EDGE('',*,*,#1694,.F.);
#2402=ORIENTED_EDGE('',*,*,#1691,.F.);
#2403=ORIENTED_EDGE('',*,*,#1688,.F.);
#2404=ORIENTED_EDGE('',*,*,#1685,.F.);
#2405=ORIENTED_EDGE('',*,*,#1711,.F.);
#2406=ORIENTED_EDGE('',*,*,#1683,.F.);
#2407=ORIENTED_EDGE('',*,*,#1687,.F.);
#2408=ORIENTED_EDGE('',*,*,#1690,.F.);
#2409=ORIENTED_EDGE('',*,*,#1693,.F.);
#2410=ORIENTED_EDGE('',*,*,#1717,.T.);
#2411=ORIENTED_EDGE('',*,*,#1706,.F.);
#2412=ORIENTED_EDGE('',*,*,#1717,.F.);
#2413=ORIENTED_EDGE('',*,*,#1702,.F.);
#2414=ORIENTED_EDGE('',*,*,#1714,.F.);
#2415=ORIENTED_EDGE('',*,*,#1627,.F.);
#2416=ORIENTED_EDGE('',*,*,#1701,.F.);
#2417=ORIENTED_EDGE('',*,*,#1698,.F.);
#2418=ORIENTED_EDGE('',*,*,#1704,.F.);
#2419=ORIENTED_EDGE('',*,*,#1715,.T.);
#2420=ORIENTED_EDGE('',*,*,#1708,.F.);
#2421=ORIENTED_EDGE('',*,*,#1681,.F.);
#2422=ORIENTED_EDGE('',*,*,#1718,.F.);
#2423=ORIENTED_EDGE('',*,*,#1628,.F.);
#2424=ORIENTED_EDGE('',*,*,#1718,.T.);
#2425=ORIENTED_EDGE('',*,*,#1680,.F.);
#2426=ORIENTED_EDGE('',*,*,#1713,.T.);
#2427=ORIENTED_EDGE('',*,*,#1719,.T.);
#2428=ORIENTED_EDGE('',*,*,#1720,.T.);
#2429=ORIENTED_EDGE('',*,*,#1721,.T.);
#2430=ORIENTED_EDGE('',*,*,#1722,.T.);
#2431=ORIENTED_EDGE('',*,*,#1636,.F.);
#2432=ORIENTED_EDGE('',*,*,#1723,.F.);
#2433=ORIENTED_EDGE('',*,*,#1719,.F.);
#2434=ORIENTED_EDGE('',*,*,#1724,.T.);
#2435=ORIENTED_EDGE('',*,*,#1637,.F.);
#2436=ORIENTED_EDGE('',*,*,#1724,.F.);
#2437=ORIENTED_EDGE('',*,*,#1722,.F.);
#2438=ORIENTED_EDGE('',*,*,#1725,.T.);
#2439=ORIENTED_EDGE('',*,*,#1638,.F.);
#2440=ORIENTED_EDGE('',*,*,#1725,.F.);
#2441=ORIENTED_EDGE('',*,*,#1721,.F.);
#2442=ORIENTED_EDGE('',*,*,#1726,.T.);
#2443=ORIENTED_EDGE('',*,*,#1635,.F.);
#2444=ORIENTED_EDGE('',*,*,#1726,.F.);
#2445=ORIENTED_EDGE('',*,*,#1720,.F.);
#2446=ORIENTED_EDGE('',*,*,#1723,.T.);
#2447=ORIENTED_EDGE('',*,*,#1727,.F.);
#2448=ORIENTED_EDGE('',*,*,#1728,.T.);
#2449=ORIENTED_EDGE('',*,*,#1729,.F.);
#2450=ORIENTED_EDGE('',*,*,#1730,.F.);
#2451=ORIENTED_EDGE('',*,*,#1731,.F.);
#2452=ORIENTED_EDGE('',*,*,#1728,.F.);
#2453=ORIENTED_EDGE('',*,*,#1732,.F.);
#2454=ORIENTED_EDGE('',*,*,#1733,.F.);
#2455=ORIENTED_EDGE('',*,*,#1734,.T.);
#2456=ORIENTED_EDGE('',*,*,#1735,.F.);
#2457=ORIENTED_EDGE('',*,*,#1736,.F.);
#2458=ORIENTED_EDGE('',*,*,#1737,.F.);
#2459=ORIENTED_EDGE('',*,*,#1738,.F.);
#2460=ORIENTED_EDGE('',*,*,#1730,.T.);
#2461=ORIENTED_EDGE('',*,*,#1739,.F.);
#2462=ORIENTED_EDGE('',*,*,#1734,.F.);
#2463=ORIENTED_EDGE('',*,*,#1740,.F.);
#2464=ORIENTED_EDGE('',*,*,#1736,.T.);
#2465=ORIENTED_EDGE('',*,*,#1737,.T.);
#2466=ORIENTED_EDGE('',*,*,#1740,.T.);
#2467=ORIENTED_EDGE('',*,*,#1733,.T.);
#2468=ORIENTED_EDGE('',*,*,#1741,.T.);
#2469=ORIENTED_EDGE('',*,*,#1742,.T.);
#2470=ORIENTED_EDGE('',*,*,#1743,.T.);
#2471=ORIENTED_EDGE('',*,*,#1744,.T.);
#2472=ORIENTED_EDGE('',*,*,#1745,.T.);
#2473=ORIENTED_EDGE('',*,*,#1732,.T.);
#2474=ORIENTED_EDGE('',*,*,#1746,.F.);
#2475=ORIENTED_EDGE('',*,*,#1747,.T.);
#2476=ORIENTED_EDGE('',*,*,#1741,.F.);
#2477=ORIENTED_EDGE('',*,*,#1748,.T.);
#2478=ORIENTED_EDGE('',*,*,#1749,.T.);
#2479=ORIENTED_EDGE('',*,*,#1750,.T.);
#2480=ORIENTED_EDGE('',*,*,#1751,.T.);
#2481=ORIENTED_EDGE('',*,*,#1731,.T.);
#2482=ORIENTED_EDGE('',*,*,#1739,.T.);
#2483=ORIENTED_EDGE('',*,*,#1735,.T.);
#2484=ORIENTED_EDGE('',*,*,#1729,.T.);
#2485=ORIENTED_EDGE('',*,*,#1752,.F.);
#2486=ORIENTED_EDGE('',*,*,#1753,.F.);
#2487=ORIENTED_EDGE('',*,*,#1750,.F.);
#2488=ORIENTED_EDGE('',*,*,#1754,.T.);
#2489=ORIENTED_EDGE('',*,*,#1752,.T.);
#2490=ORIENTED_EDGE('',*,*,#1755,.T.);
#2491=ORIENTED_EDGE('',*,*,#1746,.T.);
#2492=ORIENTED_EDGE('',*,*,#1727,.T.);
#2493=ORIENTED_EDGE('',*,*,#1756,.T.);
#2494=ORIENTED_EDGE('',*,*,#1757,.T.);
#2495=ORIENTED_EDGE('',*,*,#1758,.F.);
#2496=ORIENTED_EDGE('',*,*,#1759,.F.);
#2497=ORIENTED_EDGE('',*,*,#1748,.F.);
#2498=ORIENTED_EDGE('',*,*,#1760,.T.);
#2499=ORIENTED_EDGE('',*,*,#1761,.T.);
#2500=ORIENTED_EDGE('',*,*,#1758,.T.);
#2501=ORIENTED_EDGE('',*,*,#1762,.T.);
#2502=ORIENTED_EDGE('',*,*,#1763,.T.);
#2503=ORIENTED_EDGE('',*,*,#1738,.T.);
#2504=ORIENTED_EDGE('',*,*,#1745,.F.);
#2505=ORIENTED_EDGE('',*,*,#1764,.F.);
#2506=ORIENTED_EDGE('',*,*,#1756,.F.);
#2507=ORIENTED_EDGE('',*,*,#1742,.F.);
#2508=ORIENTED_EDGE('',*,*,#1747,.F.);
#2509=ORIENTED_EDGE('',*,*,#1755,.F.);
#2510=ORIENTED_EDGE('',*,*,#1754,.F.);
#2511=ORIENTED_EDGE('',*,*,#1749,.F.);
#2512=ORIENTED_EDGE('',*,*,#1759,.T.);
#2513=ORIENTED_EDGE('',*,*,#1761,.F.);
#2514=ORIENTED_EDGE('',*,*,#1765,.T.);
#2515=ORIENTED_EDGE('',*,*,#1763,.F.);
#2516=ORIENTED_EDGE('',*,*,#1766,.T.);
#2517=ORIENTED_EDGE('',*,*,#1743,.F.);
#2518=ORIENTED_EDGE('',*,*,#1765,.F.);
#2519=ORIENTED_EDGE('',*,*,#1744,.F.);
#2520=ORIENTED_EDGE('',*,*,#1766,.F.);
#2521=ORIENTED_EDGE('',*,*,#1762,.F.);
#2522=ORIENTED_EDGE('',*,*,#1760,.F.);
#2523=ORIENTED_EDGE('',*,*,#1751,.F.);
#2524=ORIENTED_EDGE('',*,*,#1753,.T.);
#2525=ORIENTED_EDGE('',*,*,#1757,.F.);
#2526=ORIENTED_EDGE('',*,*,#1764,.T.);
#2527=ORIENTED_EDGE('',*,*,#1767,.F.);
#2528=ORIENTED_EDGE('',*,*,#1768,.T.);
#2529=ORIENTED_EDGE('',*,*,#1769,.F.);
#2530=ORIENTED_EDGE('',*,*,#1770,.F.);
#2531=ORIENTED_EDGE('',*,*,#1771,.F.);
#2532=ORIENTED_EDGE('',*,*,#1768,.F.);
#2533=ORIENTED_EDGE('',*,*,#1772,.F.);
#2534=ORIENTED_EDGE('',*,*,#1773,.F.);
#2535=ORIENTED_EDGE('',*,*,#1774,.T.);
#2536=ORIENTED_EDGE('',*,*,#1775,.F.);
#2537=ORIENTED_EDGE('',*,*,#1776,.F.);
#2538=ORIENTED_EDGE('',*,*,#1777,.F.);
#2539=ORIENTED_EDGE('',*,*,#1778,.F.);
#2540=ORIENTED_EDGE('',*,*,#1770,.T.);
#2541=ORIENTED_EDGE('',*,*,#1779,.F.);
#2542=ORIENTED_EDGE('',*,*,#1774,.F.);
#2543=ORIENTED_EDGE('',*,*,#1780,.F.);
#2544=ORIENTED_EDGE('',*,*,#1776,.T.);
#2545=ORIENTED_EDGE('',*,*,#1772,.T.);
#2546=ORIENTED_EDGE('',*,*,#1781,.F.);
#2547=ORIENTED_EDGE('',*,*,#1782,.T.);
#2548=ORIENTED_EDGE('',*,*,#1783,.F.);
#2549=ORIENTED_EDGE('',*,*,#1778,.T.);
#2550=ORIENTED_EDGE('',*,*,#1784,.F.);
#2551=ORIENTED_EDGE('',*,*,#1785,.F.);
#2552=ORIENTED_EDGE('',*,*,#1786,.F.);
#2553=ORIENTED_EDGE('',*,*,#1777,.T.);
#2554=ORIENTED_EDGE('',*,*,#1780,.T.);
#2555=ORIENTED_EDGE('',*,*,#1773,.T.);
#2556=ORIENTED_EDGE('',*,*,#1783,.T.);
#2557=ORIENTED_EDGE('',*,*,#1787,.T.);
#2558=ORIENTED_EDGE('',*,*,#1788,.T.);
#2559=ORIENTED_EDGE('',*,*,#1789,.T.);
#2560=ORIENTED_EDGE('',*,*,#1784,.T.);
#2561=ORIENTED_EDGE('',*,*,#1789,.F.);
#2562=ORIENTED_EDGE('',*,*,#1790,.F.);
#2563=ORIENTED_EDGE('',*,*,#1791,.F.);
#2564=ORIENTED_EDGE('',*,*,#1792,.F.);
#2565=ORIENTED_EDGE('',*,*,#1793,.F.);
#2566=ORIENTED_EDGE('',*,*,#1794,.T.);
#2567=ORIENTED_EDGE('',*,*,#1795,.F.);
#2568=ORIENTED_EDGE('',*,*,#1785,.T.);
#2569=ORIENTED_EDGE('',*,*,#1796,.F.);
#2570=ORIENTED_EDGE('',*,*,#1790,.T.);
#2571=ORIENTED_EDGE('',*,*,#1788,.F.);
#2572=ORIENTED_EDGE('',*,*,#1797,.F.);
#2573=ORIENTED_EDGE('',*,*,#1787,.F.);
#2574=ORIENTED_EDGE('',*,*,#1782,.F.);
#2575=ORIENTED_EDGE('',*,*,#1798,.F.);
#2576=ORIENTED_EDGE('',*,*,#1799,.F.);
#2577=ORIENTED_EDGE('',*,*,#1800,.F.);
#2578=ORIENTED_EDGE('',*,*,#1801,.T.);
#2579=ORIENTED_EDGE('',*,*,#1802,.F.);
#2580=ORIENTED_EDGE('',*,*,#1797,.T.);
#2581=ORIENTED_EDGE('',*,*,#1802,.T.);
#2582=ORIENTED_EDGE('',*,*,#1803,.T.);
#2583=ORIENTED_EDGE('',*,*,#1791,.T.);
#2584=ORIENTED_EDGE('',*,*,#1796,.T.);
#2585=ORIENTED_EDGE('',*,*,#1803,.F.);
#2586=ORIENTED_EDGE('',*,*,#1801,.F.);
#2587=ORIENTED_EDGE('',*,*,#1804,.F.);
#2588=ORIENTED_EDGE('',*,*,#1792,.T.);
#2589=ORIENTED_EDGE('',*,*,#1805,.T.);
#2590=ORIENTED_EDGE('',*,*,#1798,.T.);
#2591=ORIENTED_EDGE('',*,*,#1781,.T.);
#2592=ORIENTED_EDGE('',*,*,#1767,.T.);
#2593=ORIENTED_EDGE('',*,*,#1786,.T.);
#2594=ORIENTED_EDGE('',*,*,#1795,.T.);
#2595=ORIENTED_EDGE('',*,*,#1805,.F.);
#2596=ORIENTED_EDGE('',*,*,#1794,.F.);
#2597=ORIENTED_EDGE('',*,*,#1806,.F.);
#2598=ORIENTED_EDGE('',*,*,#1799,.T.);
#2599=ORIENTED_EDGE('',*,*,#1804,.T.);
#2600=ORIENTED_EDGE('',*,*,#1800,.T.);
#2601=ORIENTED_EDGE('',*,*,#1806,.T.);
#2602=ORIENTED_EDGE('',*,*,#1793,.T.);
#2603=ORIENTED_EDGE('',*,*,#1771,.T.);
#2604=ORIENTED_EDGE('',*,*,#1779,.T.);
#2605=ORIENTED_EDGE('',*,*,#1775,.T.);
#2606=ORIENTED_EDGE('',*,*,#1769,.T.);
#2607=ORIENTED_EDGE('',*,*,#1807,.T.);
#2608=ORIENTED_EDGE('',*,*,#1808,.T.);
#2609=ORIENTED_EDGE('',*,*,#1809,.F.);
#2610=ORIENTED_EDGE('',*,*,#1810,.F.);
#2611=ORIENTED_EDGE('',*,*,#1811,.F.);
#2612=ORIENTED_EDGE('',*,*,#1808,.F.);
#2613=ORIENTED_EDGE('',*,*,#1812,.F.);
#2614=ORIENTED_EDGE('',*,*,#1813,.F.);
#2615=ORIENTED_EDGE('',*,*,#1814,.T.);
#2616=ORIENTED_EDGE('',*,*,#1815,.F.);
#2617=ORIENTED_EDGE('',*,*,#1816,.F.);
#2618=ORIENTED_EDGE('',*,*,#1817,.F.);
#2619=ORIENTED_EDGE('',*,*,#1818,.F.);
#2620=ORIENTED_EDGE('',*,*,#1810,.T.);
#2621=ORIENTED_EDGE('',*,*,#1819,.F.);
#2622=ORIENTED_EDGE('',*,*,#1814,.F.);
#2623=ORIENTED_EDGE('',*,*,#1820,.F.);
#2624=ORIENTED_EDGE('',*,*,#1816,.T.);
#2625=ORIENTED_EDGE('',*,*,#1817,.T.);
#2626=ORIENTED_EDGE('',*,*,#1820,.T.);
#2627=ORIENTED_EDGE('',*,*,#1813,.T.);
#2628=ORIENTED_EDGE('',*,*,#1821,.T.);
#2629=ORIENTED_EDGE('',*,*,#1822,.T.);
#2630=ORIENTED_EDGE('',*,*,#1823,.T.);
#2631=ORIENTED_EDGE('',*,*,#1824,.T.);
#2632=ORIENTED_EDGE('',*,*,#1825,.T.);
#2633=ORIENTED_EDGE('',*,*,#1812,.T.);
#2634=ORIENTED_EDGE('',*,*,#1826,.T.);
#2635=ORIENTED_EDGE('',*,*,#1827,.T.);
#2636=ORIENTED_EDGE('',*,*,#1821,.F.);
#2637=ORIENTED_EDGE('',*,*,#1828,.T.);
#2638=ORIENTED_EDGE('',*,*,#1829,.T.);
#2639=ORIENTED_EDGE('',*,*,#1830,.T.);
#2640=ORIENTED_EDGE('',*,*,#1831,.T.);
#2641=ORIENTED_EDGE('',*,*,#1811,.T.);
#2642=ORIENTED_EDGE('',*,*,#1819,.T.);
#2643=ORIENTED_EDGE('',*,*,#1815,.T.);
#2644=ORIENTED_EDGE('',*,*,#1809,.T.);
#2645=ORIENTED_EDGE('',*,*,#1832,.F.);
#2646=ORIENTED_EDGE('',*,*,#1833,.F.);
#2647=ORIENTED_EDGE('',*,*,#1830,.F.);
#2648=ORIENTED_EDGE('',*,*,#1834,.T.);
#2649=ORIENTED_EDGE('',*,*,#1832,.T.);
#2650=ORIENTED_EDGE('',*,*,#1835,.T.);
#2651=ORIENTED_EDGE('',*,*,#1826,.F.);
#2652=ORIENTED_EDGE('',*,*,#1807,.F.);
#2653=ORIENTED_EDGE('',*,*,#1836,.F.);
#2654=ORIENTED_EDGE('',*,*,#1837,.T.);
#2655=ORIENTED_EDGE('',*,*,#1838,.F.);
#2656=ORIENTED_EDGE('',*,*,#1839,.F.);
#2657=ORIENTED_EDGE('',*,*,#1828,.F.);
#2658=ORIENTED_EDGE('',*,*,#1840,.T.);
#2659=ORIENTED_EDGE('',*,*,#1841,.T.);
#2660=ORIENTED_EDGE('',*,*,#1838,.T.);
#2661=ORIENTED_EDGE('',*,*,#1842,.T.);
#2662=ORIENTED_EDGE('',*,*,#1843,.F.);
#2663=ORIENTED_EDGE('',*,*,#1843,.T.);
#2664=ORIENTED_EDGE('',*,*,#1844,.T.);
#2665=ORIENTED_EDGE('',*,*,#1823,.F.);
#2666=ORIENTED_EDGE('',*,*,#1845,.F.);
#2667=ORIENTED_EDGE('',*,*,#1822,.F.);
#2668=ORIENTED_EDGE('',*,*,#1827,.F.);
#2669=ORIENTED_EDGE('',*,*,#1835,.F.);
#2670=ORIENTED_EDGE('',*,*,#1834,.F.);
#2671=ORIENTED_EDGE('',*,*,#1829,.F.);
#2672=ORIENTED_EDGE('',*,*,#1839,.T.);
#2673=ORIENTED_EDGE('',*,*,#1841,.F.);
#2674=ORIENTED_EDGE('',*,*,#1845,.T.);
#2675=ORIENTED_EDGE('',*,*,#1824,.F.);
#2676=ORIENTED_EDGE('',*,*,#1844,.F.);
#2677=ORIENTED_EDGE('',*,*,#1842,.F.);
#2678=ORIENTED_EDGE('',*,*,#1840,.F.);
#2679=ORIENTED_EDGE('',*,*,#1831,.F.);
#2680=ORIENTED_EDGE('',*,*,#1833,.T.);
#2681=ORIENTED_EDGE('',*,*,#1837,.F.);
#2682=ORIENTED_EDGE('',*,*,#1846,.T.);
#2683=ORIENTED_EDGE('',*,*,#1818,.T.);
#2684=ORIENTED_EDGE('',*,*,#1825,.F.);
#2685=ORIENTED_EDGE('',*,*,#1846,.F.);
#2686=ORIENTED_EDGE('',*,*,#1836,.T.);
#2687=PLANE('',#3001);
#2688=PLANE('',#3002);
#2689=PLANE('',#3005);
#2690=PLANE('',#3006);
#2691=PLANE('',#3009);
#2692=PLANE('',#3012);
#2693=PLANE('',#3013);
#2694=PLANE('',#3017);
#2695=PLANE('',#3018);
#2696=PLANE('',#3019);
#2697=PLANE('',#3022);
#2698=PLANE('',#3023);
#2699=PLANE('',#3024);
#2700=PLANE('',#3026);
#2701=PLANE('',#3027);
#2702=PLANE('',#3030);
#2703=PLANE('',#3031);
#2704=PLANE('',#3034);
#2705=PLANE('',#3037);
#2706=PLANE('',#3038);
#2707=PLANE('',#3042);
#2708=PLANE('',#3043);
#2709=PLANE('',#3044);
#2710=PLANE('',#3047);
#2711=PLANE('',#3048);
#2712=PLANE('',#3049);
#2713=PLANE('',#3051);
#2714=PLANE('',#3052);
#2715=PLANE('',#3055);
#2716=PLANE('',#3056);
#2717=PLANE('',#3059);
#2718=PLANE('',#3062);
#2719=PLANE('',#3063);
#2720=PLANE('',#3067);
#2721=PLANE('',#3068);
#2722=PLANE('',#3069);
#2723=PLANE('',#3072);
#2724=PLANE('',#3073);
#2725=PLANE('',#3074);
#2726=PLANE('',#3076);
#2727=PLANE('',#3077);
#2728=PLANE('',#3080);
#2729=PLANE('',#3081);
#2730=PLANE('',#3084);
#2731=PLANE('',#3087);
#2732=PLANE('',#3088);
#2733=PLANE('',#3092);
#2734=PLANE('',#3093);
#2735=PLANE('',#3094);
#2736=PLANE('',#3097);
#2737=PLANE('',#3098);
#2738=PLANE('',#3099);
#2739=PLANE('',#3101);
#2740=PLANE('',#3102);
#2741=PLANE('',#3103);
#2742=PLANE('',#3104);
#2743=PLANE('',#3105);
#2744=PLANE('',#3106);
#2745=PLANE('',#3107);
#2746=PLANE('',#3108);
#2747=PLANE('',#3112);
#2748=PLANE('',#3113);
#2749=PLANE('',#3114);
#2750=PLANE('',#3121);
#2751=PLANE('',#3122);
#2752=PLANE('',#3123);
#2753=PLANE('',#3127);
#2754=PLANE('',#3128);
#2755=PLANE('',#3129);
#2756=PLANE('',#3130);
#2757=PLANE('',#3131);
#2758=PLANE('',#3132);
#2759=PLANE('',#3133);
#2760=PLANE('',#3137);
#2761=PLANE('',#3138);
#2762=PLANE('',#3139);
#2763=PLANE('',#3146);
#2764=PLANE('',#3147);
#2765=PLANE('',#3148);
#2766=PLANE('',#3152);
#2767=PLANE('',#3153);
#2768=PLANE('',#3154);
#2769=PLANE('',#3155);
#2770=PLANE('',#3156);
#2771=PLANE('',#3157);
#2772=PLANE('',#3158);
#2773=PLANE('',#3159);
#2774=PLANE('',#3160);
#2775=PLANE('',#3161);
#2776=PLANE('',#3162);
#2777=PLANE('',#3163);
#2778=PLANE('',#3164);
#2779=PLANE('',#3165);
#2780=PLANE('',#3166);
#2781=PLANE('',#3167);
#2782=PLANE('',#3168);
#2783=PLANE('',#3169);
#2784=PLANE('',#3170);
#2785=PLANE('',#3171);
#2786=PLANE('',#3172);
#2787=PLANE('',#3173);
#2788=PLANE('',#3174);
#2789=PLANE('',#3175);
#2790=PLANE('',#3176);
#2791=PLANE('',#3177);
#2792=PLANE('',#3178);
#2793=PLANE('',#3179);
#2794=PLANE('',#3180);
#2795=PLANE('',#3181);
#2796=PLANE('',#3182);
#2797=PLANE('',#3183);
#2798=PLANE('',#3184);
#2799=PLANE('',#3185);
#2800=PLANE('',#3186);
#2801=PLANE('',#3187);
#2802=PLANE('',#3188);
#2803=PLANE('',#3189);
#2804=PLANE('',#3190);
#2805=PLANE('',#3191);
#2806=PLANE('',#3192);
#2807=PLANE('',#3193);
#2808=PLANE('',#3194);
#2809=PLANE('',#3195);
#2810=PLANE('',#3196);
#2811=PLANE('',#3197);
#2812=PLANE('',#3198);
#2813=PLANE('',#3199);
#2814=PLANE('',#3200);
#2815=PLANE('',#3201);
#2816=PLANE('',#3202);
#2817=PLANE('',#3203);
#2818=PLANE('',#3204);
#2819=PLANE('',#3205);
#2820=PLANE('',#3206);
#2821=PLANE('',#3207);
#2822=PLANE('',#3208);
#2823=ADVANCED_FACE('',(#93),#2687,.T.);
#2824=ADVANCED_FACE('',(#94),#2688,.F.);
#2825=ADVANCED_FACE('',(#95),#2689,.F.);
#2826=ADVANCED_FACE('',(#96),#2690,.F.);
#2827=ADVANCED_FACE('',(#97),#2691,.F.);
#2828=ADVANCED_FACE('',(#98),#2692,.F.);
#2829=ADVANCED_FACE('',(#99),#2693,.T.);
#2830=ADVANCED_FACE('',(#100),#21,.F.);
#2831=ADVANCED_FACE('',(#101),#2694,.T.);
#2832=ADVANCED_FACE('',(#102),#2695,.T.);
#2833=ADVANCED_FACE('',(#103),#2696,.T.);
#2834=ADVANCED_FACE('',(#104),#22,.F.);
#2835=ADVANCED_FACE('',(#105),#23,.T.);
#2836=ADVANCED_FACE('',(#106),#2697,.T.);
#2837=ADVANCED_FACE('',(#107),#2698,.T.);
#2838=ADVANCED_FACE('',(#108),#2699,.T.);
#2839=ADVANCED_FACE('',(#109),#24,.T.);
#2840=ADVANCED_FACE('',(#110),#2700,.T.);
#2841=ADVANCED_FACE('',(#111),#2701,.F.);
#2842=ADVANCED_FACE('',(#112),#2702,.F.);
#2843=ADVANCED_FACE('',(#113),#2703,.F.);
#2844=ADVANCED_FACE('',(#114),#2704,.F.);
#2845=ADVANCED_FACE('',(#115),#2705,.F.);
#2846=ADVANCED_FACE('',(#116),#2706,.T.);
#2847=ADVANCED_FACE('',(#117),#25,.F.);
#2848=ADVANCED_FACE('',(#118),#2707,.T.);
#2849=ADVANCED_FACE('',(#119),#2708,.T.);
#2850=ADVANCED_FACE('',(#120),#2709,.T.);
#2851=ADVANCED_FACE('',(#121),#26,.F.);
#2852=ADVANCED_FACE('',(#122),#27,.T.);
#2853=ADVANCED_FACE('',(#123),#2710,.T.);
#2854=ADVANCED_FACE('',(#124),#2711,.T.);
#2855=ADVANCED_FACE('',(#125),#2712,.T.);
#2856=ADVANCED_FACE('',(#126),#28,.T.);
#2857=ADVANCED_FACE('',(#127),#2713,.T.);
#2858=ADVANCED_FACE('',(#128),#2714,.F.);
#2859=ADVANCED_FACE('',(#129),#2715,.F.);
#2860=ADVANCED_FACE('',(#130),#2716,.F.);
#2861=ADVANCED_FACE('',(#131),#2717,.F.);
#2862=ADVANCED_FACE('',(#132),#2718,.F.);
#2863=ADVANCED_FACE('',(#133),#2719,.T.);
#2864=ADVANCED_FACE('',(#134),#29,.F.);
#2865=ADVANCED_FACE('',(#135),#2720,.T.);
#2866=ADVANCED_FACE('',(#136),#2721,.T.);
#2867=ADVANCED_FACE('',(#137),#2722,.T.);
#2868=ADVANCED_FACE('',(#138),#30,.F.);
#2869=ADVANCED_FACE('',(#139),#31,.T.);
#2870=ADVANCED_FACE('',(#140),#2723,.T.);
#2871=ADVANCED_FACE('',(#141),#2724,.T.);
#2872=ADVANCED_FACE('',(#142),#2725,.T.);
#2873=ADVANCED_FACE('',(#143),#32,.T.);
#2874=ADVANCED_FACE('',(#144),#2726,.T.);
#2875=ADVANCED_FACE('',(#145),#2727,.F.);
#2876=ADVANCED_FACE('',(#146),#2728,.F.);
#2877=ADVANCED_FACE('',(#147),#2729,.F.);
#2878=ADVANCED_FACE('',(#148),#2730,.F.);
#2879=ADVANCED_FACE('',(#149),#2731,.F.);
#2880=ADVANCED_FACE('',(#150),#2732,.T.);
#2881=ADVANCED_FACE('',(#151),#33,.F.);
#2882=ADVANCED_FACE('',(#152),#2733,.T.);
#2883=ADVANCED_FACE('',(#153),#2734,.T.);
#2884=ADVANCED_FACE('',(#154),#2735,.T.);
#2885=ADVANCED_FACE('',(#155),#34,.F.);
#2886=ADVANCED_FACE('',(#156),#35,.T.);
#2887=ADVANCED_FACE('',(#157),#2736,.T.);
#2888=ADVANCED_FACE('',(#158),#2737,.T.);
#2889=ADVANCED_FACE('',(#159),#2738,.T.);
#2890=ADVANCED_FACE('',(#160),#36,.T.);
#2891=ADVANCED_FACE('',(#161),#2739,.F.);
#2892=ADVANCED_FACE('',(#162),#2740,.T.);
#2893=ADVANCED_FACE('',(#163),#2741,.T.);
#2894=ADVANCED_FACE('',(#164),#2742,.T.);
#2895=ADVANCED_FACE('',(#165),#2743,.T.);
#2896=ADVANCED_FACE('',(#166),#2744,.F.);
#2897=ADVANCED_FACE('',(#167),#2745,.F.);
#2898=ADVANCED_FACE('',(#168,#17),#2746,.T.);
#2899=ADVANCED_FACE('',(#169),#37,.T.);
#2900=ADVANCED_FACE('',(#170),#2747,.T.);
#2901=ADVANCED_FACE('',(#171),#2748,.T.);
#2902=ADVANCED_FACE('',(#172),#2749,.T.);
#2903=ADVANCED_FACE('',(#173),#38,.T.);
#2904=ADVANCED_FACE('',(#174),#39,.F.);
#2905=ADVANCED_FACE('',(#175),#2750,.T.);
#2906=ADVANCED_FACE('',(#176),#2751,.T.);
#2907=ADVANCED_FACE('',(#177),#2752,.T.);
#2908=ADVANCED_FACE('',(#178),#40,.F.);
#2909=ADVANCED_FACE('',(#179),#2753,.T.);
#2910=ADVANCED_FACE('',(#180),#2754,.F.);
#2911=ADVANCED_FACE('',(#181),#2755,.F.);
#2912=ADVANCED_FACE('',(#182),#2756,.F.);
#2913=ADVANCED_FACE('',(#183),#2757,.F.);
#2914=ADVANCED_FACE('',(#184),#2758,.F.);
#2915=ADVANCED_FACE('',(#185),#2759,.T.);
#2916=ADVANCED_FACE('',(#186),#41,.T.);
#2917=ADVANCED_FACE('',(#187),#2760,.T.);
#2918=ADVANCED_FACE('',(#188),#2761,.T.);
#2919=ADVANCED_FACE('',(#189),#2762,.T.);
#2920=ADVANCED_FACE('',(#190),#42,.T.);
#2921=ADVANCED_FACE('',(#191),#43,.F.);
#2922=ADVANCED_FACE('',(#192),#2763,.T.);
#2923=ADVANCED_FACE('',(#193),#2764,.T.);
#2924=ADVANCED_FACE('',(#194),#2765,.T.);
#2925=ADVANCED_FACE('',(#195),#44,.F.);
#2926=ADVANCED_FACE('',(#196),#2766,.T.);
#2927=ADVANCED_FACE('',(#197),#2767,.F.);
#2928=ADVANCED_FACE('',(#198),#2768,.F.);
#2929=ADVANCED_FACE('',(#199),#2769,.F.);
#2930=ADVANCED_FACE('',(#200),#2770,.F.);
#2931=ADVANCED_FACE('',(#201),#2771,.F.);
#2932=ADVANCED_FACE('',(#202),#2772,.T.);
#2933=ADVANCED_FACE('',(#203),#2773,.F.);
#2934=ADVANCED_FACE('',(#204),#2774,.T.);
#2935=ADVANCED_FACE('',(#205),#2775,.T.);
#2936=ADVANCED_FACE('',(#206),#2776,.T.);
#2937=ADVANCED_FACE('',(#207),#2777,.T.);
#2938=ADVANCED_FACE('',(#208),#2778,.T.);
#2939=ADVANCED_FACE('',(#209),#2779,.T.);
#2940=ADVANCED_FACE('',(#210),#2780,.T.);
#2941=ADVANCED_FACE('',(#211),#2781,.T.);
#2942=ADVANCED_FACE('',(#212),#2782,.T.);
#2943=ADVANCED_FACE('',(#213),#2783,.F.);
#2944=ADVANCED_FACE('',(#214,#18),#2784,.T.);
#2945=ADVANCED_FACE('',(#215),#2785,.F.);
#2946=ADVANCED_FACE('',(#216),#2786,.T.);
#2947=ADVANCED_FACE('',(#217),#2787,.F.);
#2948=ADVANCED_FACE('',(#218),#2788,.T.);
#2949=ADVANCED_FACE('',(#219),#2789,.F.);
#2950=ADVANCED_FACE('',(#220),#2790,.F.);
#2951=ADVANCED_FACE('',(#221),#2791,.F.);
#2952=ADVANCED_FACE('',(#222),#2792,.F.);
#2953=ADVANCED_FACE('',(#223),#2793,.T.);
#2954=ADVANCED_FACE('',(#224),#2794,.T.);
#2955=ADVANCED_FACE('',(#225),#2795,.T.);
#2956=ADVANCED_FACE('',(#226),#2796,.T.);
#2957=ADVANCED_FACE('',(#227),#2797,.F.);
#2958=ADVANCED_FACE('',(#228),#2798,.F.);
#2959=ADVANCED_FACE('',(#229),#2799,.T.);
#2960=ADVANCED_FACE('',(#230),#2800,.F.);
#2961=ADVANCED_FACE('',(#231),#2801,.F.);
#2962=ADVANCED_FACE('',(#232),#2802,.F.);
#2963=ADVANCED_FACE('',(#233),#2803,.T.);
#2964=ADVANCED_FACE('',(#234),#2804,.F.);
#2965=ADVANCED_FACE('',(#235),#2805,.T.);
#2966=ADVANCED_FACE('',(#236),#2806,.F.);
#2967=ADVANCED_FACE('',(#237,#19),#2807,.T.);
#2968=ADVANCED_FACE('',(#238),#2808,.T.);
#2969=ADVANCED_FACE('',(#239),#2809,.T.);
#2970=ADVANCED_FACE('',(#240),#2810,.T.);
#2971=ADVANCED_FACE('',(#241),#2811,.T.);
#2972=ADVANCED_FACE('',(#242),#2812,.T.);
#2973=ADVANCED_FACE('',(#243),#2813,.F.);
#2974=ADVANCED_FACE('',(#244,#20),#2814,.T.);
#2975=ADVANCED_FACE('',(#245),#2815,.F.);
#2976=ADVANCED_FACE('',(#246),#2816,.T.);
#2977=ADVANCED_FACE('',(#247),#2817,.F.);
#2978=ADVANCED_FACE('',(#248),#2818,.T.);
#2979=ADVANCED_FACE('',(#249),#2819,.F.);
#2980=ADVANCED_FACE('',(#250),#2820,.F.);
#2981=ADVANCED_FACE('',(#251),#2821,.F.);
#2982=ADVANCED_FACE('',(#252),#2822,.F.);
#2983=CLOSED_SHELL('',(#2823,#2824,#2825,#2826,#2827,#2828,#2829,#2830,
#2831,#2832,#2833,#2834,#2835,#2836,#2837,#2838,#2839,#2840,#2841,#2842,
#2843,#2844,#2845,#2846,#2847,#2848,#2849,#2850,#2851,#2852,#2853,#2854,
#2855,#2856,#2857,#2858,#2859,#2860,#2861,#2862,#2863,#2864,#2865,#2866,
#2867,#2868,#2869,#2870,#2871,#2872,#2873,#2874,#2875,#2876,#2877,#2878,
#2879,#2880,#2881,#2882,#2883,#2884,#2885,#2886,#2887,#2888,#2889,#2890,
#2891,#2892,#2893,#2894,#2895,#2896,#2897,#2898,#2899,#2900,#2901,#2902,
#2903,#2904,#2905,#2906,#2907,#2908,#2909,#2910,#2911,#2912,#2913,#2914,
#2915,#2916,#2917,#2918,#2919,#2920,#2921,#2922,#2923,#2924,#2925,#2926,
#2927,#2928,#2929,#2930,#2931,#2932,#2933,#2934,#2935,#2936,#2937));
#2984=CLOSED_SHELL('',(#2938,#2939,#2940,#2941,#2942,#2943,#2944,#2945,
#2946,#2947,#2948,#2949,#2950,#2951,#2952));
#2985=CLOSED_SHELL('',(#2953,#2954,#2955,#2956,#2957,#2958,#2959,#2960,
#2961,#2962,#2963,#2964,#2965,#2966,#2967));
#2986=CLOSED_SHELL('',(#2968,#2969,#2970,#2971,#2972,#2973,#2974,#2975,
#2976,#2977,#2978,#2979,#2980,#2981,#2982));
#2987=BREP_WITH_VOIDS('Solid1',#2983,(#14,#15,#16));
#2988=DERIVED_UNIT_ELEMENT(#2990,1.);
#2989=DERIVED_UNIT_ELEMENT(#4850,-3.);
#2990=(
MASS_UNIT()
NAMED_UNIT(*)
SI_UNIT($,.GRAM.)
);
#2991=DERIVED_UNIT((#2988,#2989));
#2992=MEASURE_REPRESENTATION_ITEM('density measure',
POSITIVE_RATIO_MEASURE(1.),#2991);
#2993=PROPERTY_DEFINITION_REPRESENTATION(#2998,#2995);
#2994=PROPERTY_DEFINITION_REPRESENTATION(#2999,#2996);
#2995=REPRESENTATION('material name',(#2997),#4848);
#2996=REPRESENTATION('density',(#2992),#4848);
#2997=DESCRIPTIVE_REPRESENTATION_ITEM('Generic','Generic');
#2998=PROPERTY_DEFINITION('material property','material name',#4857);
#2999=PROPERTY_DEFINITION('material property','density of part',#4857);
#3000=AXIS2_PLACEMENT_3D('placement',#3999,#3209,#3210);
#3001=AXIS2_PLACEMENT_3D('',#4000,#3211,#3212);
#3002=AXIS2_PLACEMENT_3D('',#4009,#3217,#3218);
#3003=AXIS2_PLACEMENT_3D('',#4015,#3221,#3222);
#3004=AXIS2_PLACEMENT_3D('',#4022,#3226,#3227);
#3005=AXIS2_PLACEMENT_3D('',#4023,#3228,#3229);
#3006=AXIS2_PLACEMENT_3D('',#4032,#3234,#3235);
#3007=AXIS2_PLACEMENT_3D('',#4034,#3236,#3237);
#3008=AXIS2_PLACEMENT_3D('',#4041,#3241,#3242);
#3009=AXIS2_PLACEMENT_3D('',#4042,#3243,#3244);
#3010=AXIS2_PLACEMENT_3D('',#4045,#3245,#3246);
#3011=AXIS2_PLACEMENT_3D('',#4049,#3248,#3249);
#3012=AXIS2_PLACEMENT_3D('',#4055,#3253,#3254);
#3013=AXIS2_PLACEMENT_3D('',#4058,#3257,#3258);
#3014=AXIS2_PLACEMENT_3D('',#4062,#3260,#3261);
#3015=AXIS2_PLACEMENT_3D('',#4067,#3264,#3265);
#3016=AXIS2_PLACEMENT_3D('',#4069,#3267,#3268);
#3017=AXIS2_PLACEMENT_3D('',#4072,#3271,#3272);
#3018=AXIS2_PLACEMENT_3D('',#4074,#3274,#3275);
#3019=AXIS2_PLACEMENT_3D('',#4077,#3278,#3279);
#3020=AXIS2_PLACEMENT_3D('',#4080,#3282,#3283);
#3021=AXIS2_PLACEMENT_3D('',#4081,#3284,#3285);
#3022=AXIS2_PLACEMENT_3D('',#4083,#3287,#3288);
#3023=AXIS2_PLACEMENT_3D('',#4085,#3290,#3291);
#3024=AXIS2_PLACEMENT_3D('',#4087,#3293,#3294);
#3025=AXIS2_PLACEMENT_3D('',#4088,#3295,#3296);
#3026=AXIS2_PLACEMENT_3D('',#4089,#3297,#3298);
#3027=AXIS2_PLACEMENT_3D('',#4098,#3303,#3304);
#3028=AXIS2_PLACEMENT_3D('',#4104,#3307,#3308);
#3029=AXIS2_PLACEMENT_3D('',#4111,#3312,#3313);
#3030=AXIS2_PLACEMENT_3D('',#4112,#3314,#3315);
#3031=AXIS2_PLACEMENT_3D('',#4121,#3320,#3321);
#3032=AXIS2_PLACEMENT_3D('',#4123,#3322,#3323);
#3033=AXIS2_PLACEMENT_3D('',#4130,#3327,#3328);
#3034=AXIS2_PLACEMENT_3D('',#4131,#3329,#3330);
#3035=AXIS2_PLACEMENT_3D('',#4134,#3331,#3332);
#3036=AXIS2_PLACEMENT_3D('',#4138,#3334,#3335);
#3037=AXIS2_PLACEMENT_3D('',#4144,#3339,#3340);
#3038=AXIS2_PLACEMENT_3D('',#4147,#3343,#3344);
#3039=AXIS2_PLACEMENT_3D('',#4151,#3346,#3347);
#3040=AXIS2_PLACEMENT_3D('',#4156,#3350,#3351);
#3041=AXIS2_PLACEMENT_3D('',#4158,#3353,#3354);
#3042=AXIS2_PLACEMENT_3D('',#4161,#3357,#3358);
#3043=AXIS2_PLACEMENT_3D('',#4163,#3360,#3361);
#3044=AXIS2_PLACEMENT_3D('',#4166,#3364,#3365);
#3045=AXIS2_PLACEMENT_3D('',#4169,#3368,#3369);
#3046=AXIS2_PLACEMENT_3D('',#4170,#3370,#3371);
#3047=AXIS2_PLACEMENT_3D('',#4172,#3373,#3374);
#3048=AXIS2_PLACEMENT_3D('',#4174,#3376,#3377);
#3049=AXIS2_PLACEMENT_3D('',#4176,#3379,#3380);
#3050=AXIS2_PLACEMENT_3D('',#4177,#3381,#3382);
#3051=AXIS2_PLACEMENT_3D('',#4178,#3383,#3384);
#3052=AXIS2_PLACEMENT_3D('',#4187,#3389,#3390);
#3053=AXIS2_PLACEMENT_3D('',#4193,#3393,#3394);
#3054=AXIS2_PLACEMENT_3D('',#4200,#3398,#3399);
#3055=AXIS2_PLACEMENT_3D('',#4201,#3400,#3401);
#3056=AXIS2_PLACEMENT_3D('',#4210,#3406,#3407);
#3057=AXIS2_PLACEMENT_3D('',#4212,#3408,#3409);
#3058=AXIS2_PLACEMENT_3D('',#4219,#3413,#3414);
#3059=AXIS2_PLACEMENT_3D('',#4220,#3415,#3416);
#3060=AXIS2_PLACEMENT_3D('',#4223,#3417,#3418);
#3061=AXIS2_PLACEMENT_3D('',#4227,#3420,#3421);
#3062=AXIS2_PLACEMENT_3D('',#4233,#3425,#3426);
#3063=AXIS2_PLACEMENT_3D('',#4236,#3429,#3430);
#3064=AXIS2_PLACEMENT_3D('',#4240,#3432,#3433);
#3065=AXIS2_PLACEMENT_3D('',#4245,#3436,#3437);
#3066=AXIS2_PLACEMENT_3D('',#4247,#3439,#3440);
#3067=AXIS2_PLACEMENT_3D('',#4250,#3443,#3444);
#3068=AXIS2_PLACEMENT_3D('',#4252,#3446,#3447);
#3069=AXIS2_PLACEMENT_3D('',#4255,#3450,#3451);
#3070=AXIS2_PLACEMENT_3D('',#4258,#3454,#3455);
#3071=AXIS2_PLACEMENT_3D('',#4259,#3456,#3457);
#3072=AXIS2_PLACEMENT_3D('',#4261,#3459,#3460);
#3073=AXIS2_PLACEMENT_3D('',#4263,#3462,#3463);
#3074=AXIS2_PLACEMENT_3D('',#4265,#3465,#3466);
#3075=AXIS2_PLACEMENT_3D('',#4266,#3467,#3468);
#3076=AXIS2_PLACEMENT_3D('',#4267,#3469,#3470);
#3077=AXIS2_PLACEMENT_3D('',#4276,#3475,#3476);
#3078=AXIS2_PLACEMENT_3D('',#4282,#3479,#3480);
#3079=AXIS2_PLACEMENT_3D('',#4289,#3484,#3485);
#3080=AXIS2_PLACEMENT_3D('',#4290,#3486,#3487);
#3081=AXIS2_PLACEMENT_3D('',#4299,#3492,#3493);
#3082=AXIS2_PLACEMENT_3D('',#4301,#3494,#3495);
#3083=AXIS2_PLACEMENT_3D('',#4308,#3499,#3500);
#3084=AXIS2_PLACEMENT_3D('',#4309,#3501,#3502);
#3085=AXIS2_PLACEMENT_3D('',#4312,#3503,#3504);
#3086=AXIS2_PLACEMENT_3D('',#4316,#3506,#3507);
#3087=AXIS2_PLACEMENT_3D('',#4322,#3511,#3512);
#3088=AXIS2_PLACEMENT_3D('',#4325,#3515,#3516);
#3089=AXIS2_PLACEMENT_3D('',#4329,#3518,#3519);
#3090=AXIS2_PLACEMENT_3D('',#4334,#3522,#3523);
#3091=AXIS2_PLACEMENT_3D('',#4336,#3525,#3526);
#3092=AXIS2_PLACEMENT_3D('',#4339,#3529,#3530);
#3093=AXIS2_PLACEMENT_3D('',#4341,#3532,#3533);
#3094=AXIS2_PLACEMENT_3D('',#4344,#3536,#3537);
#3095=AXIS2_PLACEMENT_3D('',#4347,#3540,#3541);
#3096=AXIS2_PLACEMENT_3D('',#4348,#3542,#3543);
#3097=AXIS2_PLACEMENT_3D('',#4350,#3545,#3546);
#3098=AXIS2_PLACEMENT_3D('',#4352,#3548,#3549);
#3099=AXIS2_PLACEMENT_3D('',#4354,#3551,#3552);
#3100=AXIS2_PLACEMENT_3D('',#4355,#3553,#3554);
#3101=AXIS2_PLACEMENT_3D('',#4356,#3555,#3556);
#3102=AXIS2_PLACEMENT_3D('',#4365,#3561,#3562);
#3103=AXIS2_PLACEMENT_3D('',#4375,#3568,#3569);
#3104=AXIS2_PLACEMENT_3D('',#4385,#3575,#3576);
#3105=AXIS2_PLACEMENT_3D('',#4398,#3585,#3586);
#3106=AXIS2_PLACEMENT_3D('',#4411,#3595,#3596);
#3107=AXIS2_PLACEMENT_3D('',#4413,#3598,#3599);
#3108=AXIS2_PLACEMENT_3D('',#4415,#3601,#3602);
#3109=AXIS2_PLACEMENT_3D('',#4424,#3607,#3608);
#3110=AXIS2_PLACEMENT_3D('',#4427,#3609,#3610);
#3111=AXIS2_PLACEMENT_3D('',#4431,#3612,#3613);
#3112=AXIS2_PLACEMENT_3D('',#4433,#3615,#3616);
#3113=AXIS2_PLACEMENT_3D('',#4442,#3621,#3622);
#3114=AXIS2_PLACEMENT_3D('',#4448,#3626,#3627);
#3115=AXIS2_PLACEMENT_3D('',#4454,#3631,#3632);
#3116=AXIS2_PLACEMENT_3D('',#4456,#3633,#3634);
#3117=AXIS2_PLACEMENT_3D('',#4458,#3635,#3636);
#3118=AXIS2_PLACEMENT_3D('',#4460,#3638,#3639);
#3119=AXIS2_PLACEMENT_3D('',#4463,#3640,#3641);
#3120=AXIS2_PLACEMENT_3D('',#4467,#3643,#3644);
#3121=AXIS2_PLACEMENT_3D('',#4469,#3646,#3647);
#3122=AXIS2_PLACEMENT_3D('',#4472,#3650,#3651);
#3123=AXIS2_PLACEMENT_3D('',#4479,#3656,#3657);
#3124=AXIS2_PLACEMENT_3D('',#4489,#3663,#3664);
#3125=AXIS2_PLACEMENT_3D('',#4490,#3665,#3666);
#3126=AXIS2_PLACEMENT_3D('',#4491,#3667,#3668);
#3127=AXIS2_PLACEMENT_3D('',#4492,#3669,#3670);
#3128=AXIS2_PLACEMENT_3D('',#4495,#3673,#3674);
#3129=AXIS2_PLACEMENT_3D('',#4498,#3677,#3678);
#3130=AXIS2_PLACEMENT_3D('',#4499,#3679,#3680);
#3131=AXIS2_PLACEMENT_3D('',#4501,#3682,#3683);
#3132=AXIS2_PLACEMENT_3D('',#4502,#3684,#3685);
#3133=AXIS2_PLACEMENT_3D('',#4504,#3687,#3688);
#3134=AXIS2_PLACEMENT_3D('',#4505,#3689,#3690);
#3135=AXIS2_PLACEMENT_3D('',#4508,#3691,#3692);
#3136=AXIS2_PLACEMENT_3D('',#4512,#3694,#3695);
#3137=AXIS2_PLACEMENT_3D('',#4514,#3697,#3698);
#3138=AXIS2_PLACEMENT_3D('',#4523,#3703,#3704);
#3139=AXIS2_PLACEMENT_3D('',#4529,#3708,#3709);
#3140=AXIS2_PLACEMENT_3D('',#4535,#3713,#3714);
#3141=AXIS2_PLACEMENT_3D('',#4537,#3715,#3716);
#3142=AXIS2_PLACEMENT_3D('',#4539,#3717,#3718);
#3143=AXIS2_PLACEMENT_3D('',#4541,#3720,#3721);
#3144=AXIS2_PLACEMENT_3D('',#4544,#3722,#3723);
#3145=AXIS2_PLACEMENT_3D('',#4548,#3725,#3726);
#3146=AXIS2_PLACEMENT_3D('',#4550,#3728,#3729);
#3147=AXIS2_PLACEMENT_3D('',#4553,#3732,#3733);
#3148=AXIS2_PLACEMENT_3D('',#4560,#3738,#3739);
#3149=AXIS2_PLACEMENT_3D('',#4570,#3745,#3746);
#3150=AXIS2_PLACEMENT_3D('',#4571,#3747,#3748);
#3151=AXIS2_PLACEMENT_3D('',#4572,#3749,#3750);
#3152=AXIS2_PLACEMENT_3D('',#4573,#3751,#3752);
#3153=AXIS2_PLACEMENT_3D('',#4576,#3755,#3756);
#3154=AXIS2_PLACEMENT_3D('',#4579,#3759,#3760);
#3155=AXIS2_PLACEMENT_3D('',#4580,#3761,#3762);
#3156=AXIS2_PLACEMENT_3D('',#4582,#3764,#3765);
#3157=AXIS2_PLACEMENT_3D('',#4583,#3766,#3767);
#3158=AXIS2_PLACEMENT_3D('',#4585,#3769,#3770);
#3159=AXIS2_PLACEMENT_3D('',#4586,#3771,#3772);
#3160=AXIS2_PLACEMENT_3D('',#4595,#3777,#3778);
#3161=AXIS2_PLACEMENT_3D('',#4598,#3781,#3782);
#3162=AXIS2_PLACEMENT_3D('',#4600,#3784,#3785);
#3163=AXIS2_PLACEMENT_3D('',#4602,#3787,#3788);
#3164=AXIS2_PLACEMENT_3D('',#4603,#3789,#3790);
#3165=AXIS2_PLACEMENT_3D('',#4612,#3795,#3796);
#3166=AXIS2_PLACEMENT_3D('',#4620,#3801,#3802);
#3167=AXIS2_PLACEMENT_3D('',#4628,#3807,#3808);
#3168=AXIS2_PLACEMENT_3D('',#4631,#3811,#3812);
#3169=AXIS2_PLACEMENT_3D('',#4641,#3818,#3819);
#3170=AXIS2_PLACEMENT_3D('',#4645,#3822,#3823);
#3171=AXIS2_PLACEMENT_3D('',#4654,#3828,#3829);
#3172=AXIS2_PLACEMENT_3D('',#4660,#3833,#3834);
#3173=AXIS2_PLACEMENT_3D('',#4665,#3838,#3839);
#3174=AXIS2_PLACEMENT_3D('',#4671,#3843,#3844);
#3175=AXIS2_PLACEMENT_3D('',#4677,#3848,#3849);
#3176=AXIS2_PLACEMENT_3D('',#4679,#3851,#3852);
#3177=AXIS2_PLACEMENT_3D('',#4681,#3854,#3855);
#3178=AXIS2_PLACEMENT_3D('',#4683,#3857,#3858);
#3179=AXIS2_PLACEMENT_3D('',#4684,#3859,#3860);
#3180=AXIS2_PLACEMENT_3D('',#4693,#3865,#3866);
#3181=AXIS2_PLACEMENT_3D('',#4701,#3871,#3872);
#3182=AXIS2_PLACEMENT_3D('',#4709,#3877,#3878);
#3183=AXIS2_PLACEMENT_3D('',#4712,#3881,#3882);
#3184=AXIS2_PLACEMENT_3D('',#4718,#3886,#3887);
#3185=AXIS2_PLACEMENT_3D('',#4724,#3891,#3892);
#3186=AXIS2_PLACEMENT_3D('',#4730,#3896,#3897);
#3187=AXIS2_PLACEMENT_3D('',#4742,#3904,#3905);
#3188=AXIS2_PLACEMENT_3D('',#4746,#3908,#3909);
#3189=AXIS2_PLACEMENT_3D('',#4756,#3915,#3916);
#3190=AXIS2_PLACEMENT_3D('',#4758,#3918,#3919);
#3191=AXIS2_PLACEMENT_3D('',#4760,#3921,#3922);
#3192=AXIS2_PLACEMENT_3D('',#4762,#3924,#3925);
#3193=AXIS2_PLACEMENT_3D('',#4764,#3927,#3928);
#3194=AXIS2_PLACEMENT_3D('',#4765,#3929,#3930);
#3195=AXIS2_PLACEMENT_3D('',#4774,#3935,#3936);
#3196=AXIS2_PLACEMENT_3D('',#4782,#3941,#3942);
#3197=AXIS2_PLACEMENT_3D('',#4790,#3947,#3948);
#3198=AXIS2_PLACEMENT_3D('',#4793,#3951,#3952);
#3199=AXIS2_PLACEMENT_3D('',#4803,#3958,#3959);
#3200=AXIS2_PLACEMENT_3D('',#4807,#3962,#3963);
#3201=AXIS2_PLACEMENT_3D('',#4816,#3968,#3969);
#3202=AXIS2_PLACEMENT_3D('',#4822,#3973,#3974);
#3203=AXIS2_PLACEMENT_3D('',#4827,#3978,#3979);
#3204=AXIS2_PLACEMENT_3D('',#4833,#3983,#3984);
#3205=AXIS2_PLACEMENT_3D('',#4839,#3988,#3989);
#3206=AXIS2_PLACEMENT_3D('',#4842,#3992,#3993);
#3207=AXIS2_PLACEMENT_3D('',#4843,#3994,#3995);
#3208=AXIS2_PLACEMENT_3D('',#4845,#3997,#3998);
#3209=DIRECTION('axis',(0.,0.,1.));
#3210=DIRECTION('refdir',(1.,0.,0.));
#3211=DIRECTION('center_axis',(-1.82796496566579E-31,2.79902359499438E-16,
1.));
#3212=DIRECTION('ref_axis',(-6.53072367426563E-16,1.,-2.79902359499438E-16));
#3213=DIRECTION('',(-1.,0.,-1.82796496566579E-31));
#3214=DIRECTION('',(-6.53072367426563E-16,1.,-2.79902359499438E-16));
#3215=DIRECTION('',(1.,6.53072367426563E-16,-1.24460305557223E-59));
#3216=DIRECTION('',(6.53072367426563E-16,-1.,2.79902359499438E-16));
#3217=DIRECTION('center_axis',(-1.,-6.53072367426563E-16,1.24460305557223E-59));
#3218=DIRECTION('ref_axis',(-6.53072367426563E-16,1.,-1.09476442525252E-47));
#3219=DIRECTION('',(1.24460305557223E-59,0.,1.));
#3220=DIRECTION('',(6.53072367426563E-16,-1.,3.19888410856501E-16));
#3221=DIRECTION('center_axis',(1.,6.53072367426563E-16,-1.24460305557223E-59));
#3222=DIRECTION('ref_axis',(1.24388809517725E-59,1.09476442525252E-47,1.));
#3223=DIRECTION('',(1.59931114580426E-16,-0.24489034072998,0.969550783103781));
#3224=DIRECTION('',(-6.33186825261864E-16,0.969550783103781,0.24489034072998));
#3225=DIRECTION('',(-1.59931114580426E-16,0.24489034072998,-0.969550783103781));
#3226=DIRECTION('center_axis',(-1.,-6.53072367426563E-16,1.24460305557223E-59));
#3227=DIRECTION('ref_axis',(-1.24388809517725E-59,-1.09476442525252E-47,
-1.));
#3228=DIRECTION('center_axis',(0.499722453489577,-0.212120483302839,0.839810913266628));
#3229=DIRECTION('ref_axis',(-0.390732512459272,-0.920504265990802,1.0077353237004E-47));
#3230=DIRECTION('',(-0.866185586048601,-0.122377201905485,0.484506296115362));
#3231=DIRECTION('',(-6.33186825261864E-16,0.969550783103781,0.24489034072998));
#3232=DIRECTION('',(0.8661855860486,0.122377201905485,-0.484506296115362));
#3233=DIRECTION('',(6.33186825261864E-16,-0.969550783103781,-0.24489034072998));
#3234=DIRECTION('center_axis',(1.,6.53072367426563E-16,-1.24460305557223E-59));
#3235=DIRECTION('ref_axis',(6.53072367426563E-16,-1.,1.09476442525252E-47));
#3236=DIRECTION('center_axis',(-1.,-6.53072367426563E-16,1.24460305557223E-59));
#3237=DIRECTION('ref_axis',(-1.24388809517725E-59,-1.09476442525252E-47,
-1.));
#3238=DIRECTION('',(6.53072367426563E-16,-1.,-1.98254111540207E-16));
#3239=DIRECTION('',(1.45011195812686E-30,-2.22044604925031E-15,1.));
#3240=DIRECTION('',(-6.53072367426563E-16,1.,-1.09476442525252E-47));
#3241=DIRECTION('center_axis',(1.,6.53072367426563E-16,-1.24460305557223E-59));
#3242=DIRECTION('ref_axis',(1.24388809517725E-59,1.09476442525252E-47,1.));
#3243=DIRECTION('center_axis',(-1.,-6.8634138005675E-16,1.31716086279832E-16));
#3244=DIRECTION('ref_axis',(-6.8634138005675E-16,1.,-1.09476442525252E-47));
#3245=DIRECTION('center_axis',(1.,6.8634138005675E-16,-1.31716086279832E-16));
#3246=DIRECTION('ref_axis',(-1.24388809517725E-59,-1.09476442525252E-47,
-1.));
#3247=DIRECTION('',(-6.33186825261864E-16,0.969550783103781,0.24489034072998));
#3248=DIRECTION('center_axis',(-1.,-6.8634138005675E-16,1.31716086279832E-16));
#3249=DIRECTION('ref_axis',(1.24388809517725E-59,1.09476442525252E-47,1.));
#3250=DIRECTION('',(6.8634138005675E-16,-1.,1.09476442525252E-47));
#3251=DIRECTION('',(-1.31716086279834E-16,2.22044604925031E-15,-1.));
#3252=DIRECTION('',(-6.8634138005675E-16,1.,1.98254111540207E-16));
#3253=DIRECTION('center_axis',(-0.499722453489577,-0.21212048330284,0.839810913266628));
#3254=DIRECTION('ref_axis',(-0.390732512459273,0.920504265990802,-1.00773532369943E-47));
#3255=DIRECTION('',(-0.866185586048601,0.122377201905484,-0.484506296115362));
#3256=DIRECTION('',(0.866185586048601,-0.122377201905484,0.484506296115362));
#3257=DIRECTION('center_axis',(-1.,-6.53072367426563E-16,1.24460305557223E-59));
#3258=DIRECTION('ref_axis',(-6.53072367426563E-16,1.,-1.09476442525252E-47));
#3259=DIRECTION('',(-1.24460305557223E-59,0.,-1.));
#3260=DIRECTION('center_axis',(1.,6.53072367426563E-16,-1.24460305557223E-59));
#3261=DIRECTION('ref_axis',(-1.24388809517725E-59,-1.09476442525252E-47,
-1.));
#3262=DIRECTION('',(1.59931114580426E-16,-0.24489034072998,0.969550783103781));
#3263=DIRECTION('',(-1.59931114580426E-16,0.24489034072998,-0.969550783103781));
#3264=DIRECTION('center_axis',(-1.,-6.53072367426563E-16,1.24460305557223E-59));
#3265=DIRECTION('ref_axis',(1.24388809517725E-59,1.09476442525252E-47,1.));
#3266=DIRECTION('',(-6.53072367426563E-16,1.,-3.19888410856501E-16));
#3267=DIRECTION('center_axis',(-1.,-6.53072367426563E-16,1.24460305557223E-59));
#3268=DIRECTION('ref_axis',(-1.24388809517725E-59,-1.09476442525252E-47,
-1.));
#3269=DIRECTION('',(1.,6.53072367426563E-16,-1.24460305557223E-59));
#3270=DIRECTION('',(1.,6.53072367426563E-16,-1.24460305557223E-59));
#3271=DIRECTION('center_axis',(-6.33186825261864E-16,0.969550783103781,
0.24489034072998));
#3272=DIRECTION('ref_axis',(1.,6.53072367426563E-16,-1.24460305557223E-59));
#3273=DIRECTION('',(1.,6.53072367426563E-16,-1.24460305557223E-59));
#3274=DIRECTION('center_axis',(6.33186825261864E-16,-0.969550783103781,
-0.24489034072998));
#3275=DIRECTION('ref_axis',(-1.,-6.53072367426563E-16,1.24460305557223E-59));
#3276=DIRECTION('',(1.,6.53072367426563E-16,-1.24460305557223E-59));
#3277=DIRECTION('',(1.,6.53072367426563E-16,-1.24460305557223E-59));
#3278=DIRECTION('center_axis',(2.08910281790376E-31,-3.19888410856501E-16,
-1.));
#3279=DIRECTION('ref_axis',(6.53072367426563E-16,-1.,3.19888410856501E-16));
#3280=DIRECTION('',(-1.,0.,0.));
#3281=DIRECTION('',(1.,6.53072367426563E-16,-1.24460305557223E-59));
#3282=DIRECTION('center_axis',(-1.,-6.53072367426563E-16,1.24460305557223E-59));
#3283=DIRECTION('ref_axis',(1.24388809517725E-59,1.09476442525252E-47,1.));
#3284=DIRECTION('center_axis',(-1.,-6.53072367426563E-16,1.24460305557223E-59));
#3285=DIRECTION('ref_axis',(1.24388809517725E-59,1.09476442525252E-47,1.));
#3286=DIRECTION('',(1.,6.53072367426563E-16,-1.24460305557223E-59));
#3287=DIRECTION('center_axis',(-1.24388809517725E-59,-1.09476442525252E-47,
-1.));
#3288=DIRECTION('ref_axis',(6.53072367426563E-16,-1.,1.09476442525252E-47));
#3289=DIRECTION('',(1.,6.53072367426563E-16,-1.24460305557223E-59));
#3290=DIRECTION('center_axis',(-6.53072367426563E-16,1.,2.22044604925031E-15));
#3291=DIRECTION('ref_axis',(1.,6.53072367426563E-16,-1.24460305557223E-59));
#3292=DIRECTION('',(1.,6.53072367426563E-16,-1.24460305557223E-59));
#3293=DIRECTION('center_axis',(1.29474281975613E-31,-1.98254111540207E-16,
1.));
#3294=DIRECTION('ref_axis',(-6.53072367426563E-16,1.,1.98254111540207E-16));
#3295=DIRECTION('center_axis',(-1.,-6.53072367426563E-16,1.24460305557223E-59));
#3296=DIRECTION('ref_axis',(-1.24388809517725E-59,-1.09476442525252E-47,
-1.));
#3297=DIRECTION('center_axis',(-1.82796496566579E-31,2.79902359499438E-16,
1.));
#3298=DIRECTION('ref_axis',(-6.53072367426563E-16,1.,-2.79902359499438E-16));
#3299=DIRECTION('',(-1.,0.,-1.82796496566579E-31));
#3300=DIRECTION('',(-6.53072367426563E-16,1.,-2.79902359499438E-16));
#3301=DIRECTION('',(1.,6.53072367426563E-16,-1.24460305557223E-59));
#3302=DIRECTION('',(6.53072367426563E-16,-1.,2.79902359499438E-16));
#3303=DIRECTION('center_axis',(-1.,-6.53072367426563E-16,1.24460305557223E-59));
#3304=DIRECTION('ref_axis',(-6.53072367426563E-16,1.,-1.09476442525252E-47));
#3305=DIRECTION('',(1.24460305557223E-59,0.,1.));
#3306=DIRECTION('',(6.53072367426563E-16,-1.,3.19888410856501E-16));
#3307=DIRECTION('center_axis',(1.,6.53072367426563E-16,-1.24460305557223E-59));
#3308=DIRECTION('ref_axis',(1.24388809517725E-59,1.09476442525252E-47,1.));
#3309=DIRECTION('',(1.59931114580426E-16,-0.24489034072998,0.969550783103781));
#3310=DIRECTION('',(-6.33186825261864E-16,0.969550783103781,0.24489034072998));
#3311=DIRECTION('',(-1.59931114580426E-16,0.24489034072998,-0.969550783103781));
#3312=DIRECTION('center_axis',(-1.,-6.53072367426563E-16,1.24460305557223E-59));
#3313=DIRECTION('ref_axis',(-1.24388809517725E-59,-1.09476442525252E-47,
-1.));
#3314=DIRECTION('center_axis',(0.499722453489577,-0.212120483302839,0.839810913266628));
#3315=DIRECTION('ref_axis',(-0.390732512459272,-0.920504265990802,1.0077353237004E-47));
#3316=DIRECTION('',(-0.866185586048601,-0.122377201905485,0.484506296115362));
#3317=DIRECTION('',(-6.33186825261864E-16,0.969550783103781,0.24489034072998));
#3318=DIRECTION('',(0.8661855860486,0.122377201905485,-0.484506296115362));
#3319=DIRECTION('',(6.33186825261864E-16,-0.969550783103781,-0.24489034072998));
#3320=DIRECTION('center_axis',(1.,6.53072367426563E-16,-1.24460305557223E-59));
#3321=DIRECTION('ref_axis',(6.53072367426563E-16,-1.,1.09476442525252E-47));
#3322=DIRECTION('center_axis',(-1.,-6.53072367426563E-16,1.24460305557223E-59));
#3323=DIRECTION('ref_axis',(-1.24388809517725E-59,-1.09476442525252E-47,
-1.));
#3324=DIRECTION('',(6.53072367426563E-16,-1.,-1.98254111540207E-16));
#3325=DIRECTION('',(1.45011195812686E-30,-2.22044604925031E-15,1.));
#3326=DIRECTION('',(-6.53072367426563E-16,1.,-1.09476442525252E-47));
#3327=DIRECTION('center_axis',(1.,6.53072367426563E-16,-1.24460305557223E-59));
#3328=DIRECTION('ref_axis',(1.24388809517725E-59,1.09476442525252E-47,1.));
#3329=DIRECTION('center_axis',(-1.,-6.8634138005675E-16,1.31716086279832E-16));
#3330=DIRECTION('ref_axis',(-6.8634138005675E-16,1.,-1.09476442525252E-47));
#3331=DIRECTION('center_axis',(1.,6.8634138005675E-16,-1.31716086279832E-16));
#3332=DIRECTION('ref_axis',(-1.24388809517725E-59,-1.09476442525252E-47,
-1.));
#3333=DIRECTION('',(-6.33186825261864E-16,0.969550783103781,0.24489034072998));
#3334=DIRECTION('center_axis',(-1.,-6.8634138005675E-16,1.31716086279832E-16));
#3335=DIRECTION('ref_axis',(1.24388809517725E-59,1.09476442525252E-47,1.));
#3336=DIRECTION('',(6.8634138005675E-16,-1.,1.09476442525252E-47));
#3337=DIRECTION('',(-1.31716086279834E-16,2.22044604925031E-15,-1.));
#3338=DIRECTION('',(-6.8634138005675E-16,1.,1.98254111540207E-16));
#3339=DIRECTION('center_axis',(-0.499722453489577,-0.21212048330284,0.839810913266628));
#3340=DIRECTION('ref_axis',(-0.390732512459273,0.920504265990802,-1.00773532369943E-47));
#3341=DIRECTION('',(-0.866185586048601,0.122377201905484,-0.484506296115362));
#3342=DIRECTION('',(0.866185586048601,-0.122377201905484,0.484506296115362));
#3343=DIRECTION('center_axis',(-1.,-6.53072367426563E-16,1.24460305557223E-59));
#3344=DIRECTION('ref_axis',(-6.53072367426563E-16,1.,-1.09476442525252E-47));
#3345=DIRECTION('',(-1.24460305557223E-59,0.,-1.));
#3346=DIRECTION('center_axis',(1.,6.53072367426563E-16,-1.24460305557223E-59));
#3347=DIRECTION('ref_axis',(-1.24388809517725E-59,-1.09476442525252E-47,
-1.));
#3348=DIRECTION('',(1.59931114580426E-16,-0.24489034072998,0.969550783103781));
#3349=DIRECTION('',(-1.59931114580426E-16,0.24489034072998,-0.969550783103781));
#3350=DIRECTION('center_axis',(-1.,-6.53072367426563E-16,1.24460305557223E-59));
#3351=DIRECTION('ref_axis',(1.24388809517725E-59,1.09476442525252E-47,1.));
#3352=DIRECTION('',(-6.53072367426563E-16,1.,-3.19888410856501E-16));
#3353=DIRECTION('center_axis',(-1.,-6.53072367426563E-16,1.24460305557223E-59));
#3354=DIRECTION('ref_axis',(-1.24388809517725E-59,-1.09476442525252E-47,
-1.));
#3355=DIRECTION('',(1.,6.53072367426563E-16,-1.24460305557223E-59));
#3356=DIRECTION('',(1.,6.53072367426563E-16,-1.24460305557223E-59));
#3357=DIRECTION('center_axis',(-6.33186825261864E-16,0.969550783103781,
0.24489034072998));
#3358=DIRECTION('ref_axis',(1.,6.53072367426563E-16,-1.24460305557223E-59));
#3359=DIRECTION('',(1.,6.53072367426563E-16,-1.24460305557223E-59));
#3360=DIRECTION('center_axis',(6.33186825261864E-16,-0.969550783103781,
-0.24489034072998));
#3361=DIRECTION('ref_axis',(-1.,-6.53072367426563E-16,1.24460305557223E-59));
#3362=DIRECTION('',(1.,6.53072367426563E-16,-1.24460305557223E-59));
#3363=DIRECTION('',(1.,6.53072367426563E-16,-1.24460305557223E-59));
#3364=DIRECTION('center_axis',(2.08910281790376E-31,-3.19888410856501E-16,
-1.));
#3365=DIRECTION('ref_axis',(6.53072367426563E-16,-1.,3.19888410856501E-16));
#3366=DIRECTION('',(-1.,0.,0.));
#3367=DIRECTION('',(1.,6.53072367426563E-16,-1.24460305557223E-59));
#3368=DIRECTION('center_axis',(-1.,-6.53072367426563E-16,1.24460305557223E-59));
#3369=DIRECTION('ref_axis',(1.24388809517725E-59,1.09476442525252E-47,1.));
#3370=DIRECTION('center_axis',(-1.,-6.53072367426563E-16,1.24460305557223E-59));
#3371=DIRECTION('ref_axis',(1.24388809517725E-59,1.09476442525252E-47,1.));
#3372=DIRECTION('',(1.,6.53072367426563E-16,-1.24460305557223E-59));
#3373=DIRECTION('center_axis',(-1.24388809517725E-59,-1.09476442525252E-47,
-1.));
#3374=DIRECTION('ref_axis',(6.53072367426563E-16,-1.,1.09476442525252E-47));
#3375=DIRECTION('',(1.,6.53072367426563E-16,-1.24460305557223E-59));
#3376=DIRECTION('center_axis',(-6.53072367426563E-16,1.,2.22044604925031E-15));
#3377=DIRECTION('ref_axis',(1.,6.53072367426563E-16,-1.24460305557223E-59));
#3378=DIRECTION('',(1.,6.53072367426563E-16,-1.24460305557223E-59));
#3379=DIRECTION('center_axis',(1.29474281975613E-31,-1.98254111540207E-16,
1.));
#3380=DIRECTION('ref_axis',(-6.53072367426563E-16,1.,1.98254111540207E-16));
#3381=DIRECTION('center_axis',(-1.,-6.53072367426563E-16,1.24460305557223E-59));
#3382=DIRECTION('ref_axis',(-1.24388809517725E-59,-1.09476442525252E-47,
-1.));
#3383=DIRECTION('center_axis',(1.33893585904862E-32,-2.79902359499438E-16,
1.));
#3384=DIRECTION('ref_axis',(6.12303176929584E-17,-1.,-2.79902359499438E-16));
#3385=DIRECTION('',(1.,1.28201273051404E-16,2.24944802274334E-32));
#3386=DIRECTION('',(6.12303176929584E-17,-1.,-2.79902359499438E-16));
#3387=DIRECTION('',(-1.,-6.12303176929584E-17,-3.74915180467305E-33));
#3388=DIRECTION('',(-6.12303176929584E-17,1.,2.79902359499438E-16));
#3389=DIRECTION('center_axis',(1.,6.12303176929584E-17,3.74915180467305E-33));
#3390=DIRECTION('ref_axis',(6.12303176929584E-17,-1.,0.));
#3391=DIRECTION('',(-3.74915180467305E-33,-4.80646034222053E-49,1.));
#3392=DIRECTION('',(-6.12303176929584E-17,1.,3.19888410856501E-16));
#3393=DIRECTION('center_axis',(-1.,-6.12303176929584E-17,-3.74915180467305E-33));
#3394=DIRECTION('ref_axis',(-3.74915180467305E-33,-2.2956175607926E-49,
1.));
#3395=DIRECTION('',(-1.49947133628335E-17,0.24489034072998,0.969550783103781));
#3396=DIRECTION('',(5.93659024689011E-17,-0.969550783103781,0.24489034072998));
#3397=DIRECTION('',(1.49947133628335E-17,-0.24489034072998,-0.969550783103781));
#3398=DIRECTION('center_axis',(1.,6.12303176929584E-17,3.74915180467305E-33));
#3399=DIRECTION('ref_axis',(3.74915180467305E-33,2.2956175607926E-49,-1.));
#3400=DIRECTION('center_axis',(-0.499722453489577,0.212120483302839,0.839810913266628));
#3401=DIRECTION('ref_axis',(0.390732512459272,0.920504265990802,1.46491550423112E-33));
#3402=DIRECTION('',(0.866185586048601,0.122377201905484,0.484506296115362));
#3403=DIRECTION('',(5.93659024689011E-17,-0.969550783103781,0.24489034072998));
#3404=DIRECTION('',(-0.866185586048601,-0.122377201905484,-0.484506296115362));
#3405=DIRECTION('',(-5.93659024689011E-17,0.969550783103781,-0.24489034072998));
#3406=DIRECTION('center_axis',(-1.,-6.12303176929584E-17,-3.74915180467305E-33));
#3407=DIRECTION('ref_axis',(-6.12303176929584E-17,1.,0.));
#3408=DIRECTION('center_axis',(1.,6.12303176929584E-17,3.74915180467305E-33));
#3409=DIRECTION('ref_axis',(3.74915180467305E-33,2.2956175607926E-49,-1.));
#3410=DIRECTION('',(-6.12303176929584E-17,1.,-1.98254111540207E-16));
#3411=DIRECTION('',(-1.39707768820344E-31,2.22044604925031E-15,1.));
#3412=DIRECTION('',(6.12303176929584E-17,-1.,0.));
#3413=DIRECTION('center_axis',(-1.,-6.12303176929584E-17,-3.74915180467305E-33));
#3414=DIRECTION('ref_axis',(-3.74915180467305E-33,-2.2956175607926E-49,
1.));
#3415=DIRECTION('center_axis',(1.,9.44993303231456E-17,1.31716086279832E-16));
#3416=DIRECTION('ref_axis',(9.44993303231456E-17,-1.,1.24730578742157E-49));
#3417=DIRECTION('center_axis',(-1.,-9.44993303231456E-17,-1.31716086279832E-16));
#3418=DIRECTION('ref_axis',(3.74915180467305E-33,2.2956175607926E-49,-1.));
#3419=DIRECTION('',(5.93659024689011E-17,-0.969550783103781,0.24489034072998));
#3420=DIRECTION('center_axis',(1.,9.44993303231456E-17,1.31716086279832E-16));
#3421=DIRECTION('ref_axis',(-3.74915180467305E-33,-2.2956175607926E-49,
1.));
#3422=DIRECTION('',(-9.44993303231456E-17,1.,-1.24730578742157E-49));
#3423=DIRECTION('',(1.31716086279832E-16,-2.22044604925031E-15,-1.));
#3424=DIRECTION('',(9.44993303231456E-17,-1.,1.98254111540207E-16));
#3425=DIRECTION('center_axis',(0.499722453489577,0.212120483302839,0.839810913266628));
#3426=DIRECTION('ref_axis',(0.390732512459272,-0.920504265990802,1.46491550423112E-33));
#3427=DIRECTION('',(0.866185586048601,-0.122377201905484,-0.484506296115362));
#3428=DIRECTION('',(-0.866185586048601,0.122377201905484,0.484506296115362));
#3429=DIRECTION('center_axis',(1.,6.12303176929584E-17,3.74915180467305E-33));
#3430=DIRECTION('ref_axis',(6.12303176929584E-17,-1.,0.));
#3431=DIRECTION('',(3.74915180467305E-33,4.80646034222053E-49,-1.));
#3432=DIRECTION('center_axis',(-1.,-6.12303176929584E-17,-3.74915180467305E-33));
#3433=DIRECTION('ref_axis',(3.74915180467305E-33,2.2956175607926E-49,-1.));
#3434=DIRECTION('',(-1.49947133628335E-17,0.24489034072998,0.969550783103781));
#3435=DIRECTION('',(1.49947133628335E-17,-0.24489034072998,-0.969550783103781));
#3436=DIRECTION('center_axis',(1.,6.12303176929584E-17,3.74915180467305E-33));
#3437=DIRECTION('ref_axis',(-3.74915180467305E-33,-2.2956175607926E-49,
1.));
#3438=DIRECTION('',(6.12303176929584E-17,-1.,-3.19888410856501E-16));
#3439=DIRECTION('center_axis',(1.,6.12303176929584E-17,3.74915180467305E-33));
#3440=DIRECTION('ref_axis',(3.74915180467305E-33,2.2956175607926E-49,-1.));
#3441=DIRECTION('',(-1.,-6.12303176929584E-17,-3.74915180467305E-33));
#3442=DIRECTION('',(-1.,-6.12303176929584E-17,-3.74915180467305E-33));
#3443=DIRECTION('center_axis',(5.93659024689011E-17,-0.969550783103781,
0.24489034072998));
#3444=DIRECTION('ref_axis',(-1.,-6.12303176929584E-17,-3.74915180467305E-33));
#3445=DIRECTION('',(-1.,-6.12303176929584E-17,-3.74915180467305E-33));
#3446=DIRECTION('center_axis',(-5.93659024689011E-17,0.969550783103781,
-0.24489034072998));
#3447=DIRECTION('ref_axis',(1.,6.12303176929584E-17,3.74915180467305E-33));
#3448=DIRECTION('',(-1.,-6.12303176929584E-17,-3.74915180467305E-33));
#3449=DIRECTION('',(-1.,-6.12303176929584E-17,-3.74915180467305E-33));
#3450=DIRECTION('center_axis',(-1.58377172183661E-32,3.19888410856501E-16,
-1.));
#3451=DIRECTION('ref_axis',(-6.12303176929584E-17,1.,3.19888410856501E-16));
#3452=DIRECTION('',(1.,1.28201273051404E-16,-3.41870061470413E-16));
#3453=DIRECTION('',(-1.,-6.12303176929584E-17,-3.74915180467305E-33));
#3454=DIRECTION('center_axis',(1.,6.12303176929584E-17,3.74915180467305E-33));
#3455=DIRECTION('ref_axis',(-3.74915180467305E-33,-2.2956175607926E-49,
1.));
#3456=DIRECTION('center_axis',(1.,6.12303176929584E-17,3.74915180467305E-33));
#3457=DIRECTION('ref_axis',(-3.74915180467305E-33,-2.2956175607926E-49,
1.));
#3458=DIRECTION('',(-1.,-6.12303176929584E-17,-3.74915180467305E-33));
#3459=DIRECTION('center_axis',(3.74915180467305E-33,2.2956175607926E-49,
-1.));
#3460=DIRECTION('ref_axis',(-6.12303176929584E-17,1.,0.));
#3461=DIRECTION('',(-1.,-6.12303176929584E-17,-3.74915180467305E-33));
#3462=DIRECTION('center_axis',(6.12303176929584E-17,-1.,2.22044604925031E-15));
#3463=DIRECTION('ref_axis',(-1.,-6.12303176929584E-17,-3.74915180467305E-33));
#3464=DIRECTION('',(-1.,-6.12303176929584E-17,-3.74915180467305E-33));
#3465=DIRECTION('center_axis',(-1.58883140382151E-32,1.98254111540207E-16,
1.));
#3466=DIRECTION('ref_axis',(6.12303176929584E-17,-1.,1.98254111540207E-16));
#3467=DIRECTION('center_axis',(1.,6.12303176929584E-17,3.74915180467305E-33));
#3468=DIRECTION('ref_axis',(3.74915180467305E-33,2.2956175607926E-49,-1.));
#3469=DIRECTION('center_axis',(1.33893585904862E-32,-2.79902359499438E-16,
1.));
#3470=DIRECTION('ref_axis',(6.12303176929584E-17,-1.,-2.79902359499438E-16));
#3471=DIRECTION('',(1.,1.28201273051404E-16,2.24944802274334E-32));
#3472=DIRECTION('',(6.12303176929584E-17,-1.,-2.79902359499438E-16));
#3473=DIRECTION('',(-1.,-6.12303176929584E-17,-3.74915180467305E-33));
#3474=DIRECTION('',(-6.12303176929584E-17,1.,2.79902359499438E-16));
#3475=DIRECTION('center_axis',(1.,6.12303176929584E-17,3.74915180467305E-33));
#3476=DIRECTION('ref_axis',(6.12303176929584E-17,-1.,0.));
#3477=DIRECTION('',(-3.74915180467305E-33,-4.80646034222053E-49,1.));
#3478=DIRECTION('',(-6.12303176929584E-17,1.,3.19888410856501E-16));
#3479=DIRECTION('center_axis',(-1.,-6.12303176929584E-17,-3.74915180467305E-33));
#3480=DIRECTION('ref_axis',(-3.74915180467305E-33,-2.2956175607926E-49,
1.));
#3481=DIRECTION('',(-1.49947133628335E-17,0.24489034072998,0.969550783103781));
#3482=DIRECTION('',(5.93659024689011E-17,-0.969550783103781,0.24489034072998));
#3483=DIRECTION('',(1.49947133628335E-17,-0.24489034072998,-0.969550783103781));
#3484=DIRECTION('center_axis',(1.,6.12303176929584E-17,3.74915180467305E-33));
#3485=DIRECTION('ref_axis',(3.74915180467305E-33,2.2956175607926E-49,-1.));
#3486=DIRECTION('center_axis',(-0.499722453489577,0.212120483302839,0.839810913266628));
#3487=DIRECTION('ref_axis',(0.390732512459272,0.920504265990802,1.46491550423112E-33));
#3488=DIRECTION('',(0.866185586048601,0.122377201905484,0.484506296115362));
#3489=DIRECTION('',(5.93659024689011E-17,-0.969550783103781,0.24489034072998));
#3490=DIRECTION('',(-0.866185586048601,-0.122377201905484,-0.484506296115362));
#3491=DIRECTION('',(-5.93659024689011E-17,0.969550783103781,-0.24489034072998));
#3492=DIRECTION('center_axis',(-1.,-6.12303176929584E-17,-3.74915180467305E-33));
#3493=DIRECTION('ref_axis',(-6.12303176929584E-17,1.,0.));
#3494=DIRECTION('center_axis',(1.,6.12303176929584E-17,3.74915180467305E-33));
#3495=DIRECTION('ref_axis',(3.74915180467305E-33,2.2956175607926E-49,-1.));
#3496=DIRECTION('',(-6.12303176929584E-17,1.,-1.98254111540207E-16));
#3497=DIRECTION('',(-1.39707768820344E-31,2.22044604925031E-15,1.));
#3498=DIRECTION('',(6.12303176929584E-17,-1.,0.));
#3499=DIRECTION('center_axis',(-1.,-6.12303176929584E-17,-3.74915180467305E-33));
#3500=DIRECTION('ref_axis',(-3.74915180467305E-33,-2.2956175607926E-49,
1.));
#3501=DIRECTION('center_axis',(1.,9.44993303231456E-17,1.31716086279832E-16));
#3502=DIRECTION('ref_axis',(9.44993303231456E-17,-1.,1.24730578742157E-49));
#3503=DIRECTION('center_axis',(-1.,-9.44993303231456E-17,-1.31716086279832E-16));
#3504=DIRECTION('ref_axis',(3.74915180467305E-33,2.2956175607926E-49,-1.));
#3505=DIRECTION('',(5.93659024689011E-17,-0.969550783103781,0.24489034072998));
#3506=DIRECTION('center_axis',(1.,9.44993303231456E-17,1.31716086279832E-16));
#3507=DIRECTION('ref_axis',(-3.74915180467305E-33,-2.2956175607926E-49,
1.));
#3508=DIRECTION('',(-9.44993303231456E-17,1.,-1.24730578742157E-49));
#3509=DIRECTION('',(1.31716086279832E-16,-2.22044604925031E-15,-1.));
#3510=DIRECTION('',(9.44993303231456E-17,-1.,1.98254111540207E-16));
#3511=DIRECTION('center_axis',(0.499722453489577,0.212120483302839,0.839810913266628));
#3512=DIRECTION('ref_axis',(0.390732512459272,-0.920504265990802,1.46491550423112E-33));
#3513=DIRECTION('',(0.866185586048601,-0.122377201905484,-0.484506296115362));
#3514=DIRECTION('',(-0.866185586048601,0.122377201905484,0.484506296115362));
#3515=DIRECTION('center_axis',(1.,6.12303176929584E-17,3.74915180467305E-33));
#3516=DIRECTION('ref_axis',(6.12303176929584E-17,-1.,0.));
#3517=DIRECTION('',(3.74915180467305E-33,4.80646034222053E-49,-1.));
#3518=DIRECTION('center_axis',(-1.,-6.12303176929584E-17,-3.74915180467305E-33));
#3519=DIRECTION('ref_axis',(3.74915180467305E-33,2.2956175607926E-49,-1.));
#3520=DIRECTION('',(-1.49947133628335E-17,0.24489034072998,0.969550783103781));
#3521=DIRECTION('',(1.49947133628335E-17,-0.24489034072998,-0.969550783103781));
#3522=DIRECTION('center_axis',(1.,6.12303176929584E-17,3.74915180467305E-33));
#3523=DIRECTION('ref_axis',(-3.74915180467305E-33,-2.2956175607926E-49,
1.));
#3524=DIRECTION('',(6.12303176929584E-17,-1.,-3.19888410856501E-16));
#3525=DIRECTION('center_axis',(1.,6.12303176929584E-17,3.74915180467305E-33));
#3526=DIRECTION('ref_axis',(3.74915180467305E-33,2.2956175607926E-49,-1.));
#3527=DIRECTION('',(-1.,-6.12303176929584E-17,-3.74915180467305E-33));
#3528=DIRECTION('',(-1.,-6.12303176929584E-17,-3.74915180467305E-33));
#3529=DIRECTION('center_axis',(5.93659024689011E-17,-0.969550783103781,
0.24489034072998));
#3530=DIRECTION('ref_axis',(-1.,-6.12303176929584E-17,-3.74915180467305E-33));
#3531=DIRECTION('',(-1.,-6.12303176929584E-17,-3.74915180467305E-33));
#3532=DIRECTION('center_axis',(-5.93659024689011E-17,0.969550783103781,
-0.24489034072998));
#3533=DIRECTION('ref_axis',(1.,6.12303176929584E-17,3.74915180467305E-33));
#3534=DIRECTION('',(-1.,-6.12303176929584E-17,-3.74915180467305E-33));
#3535=DIRECTION('',(-1.,-6.12303176929584E-17,-3.74915180467305E-33));
#3536=DIRECTION('center_axis',(-1.58377172183661E-32,3.19888410856501E-16,
-1.));
#3537=DIRECTION('ref_axis',(-6.12303176929584E-17,1.,3.19888410856501E-16));
#3538=DIRECTION('',(1.,1.28201273051404E-16,-3.41870061470413E-16));
#3539=DIRECTION('',(-1.,-6.12303176929584E-17,-3.74915180467305E-33));
#3540=DIRECTION('center_axis',(1.,6.12303176929584E-17,3.74915180467305E-33));
#3541=DIRECTION('ref_axis',(-3.74915180467305E-33,-2.2956175607926E-49,
1.));
#3542=DIRECTION('center_axis',(1.,6.12303176929584E-17,3.74915180467305E-33));
#3543=DIRECTION('ref_axis',(-3.74915180467305E-33,-2.2956175607926E-49,
1.));
#3544=DIRECTION('',(-1.,-6.12303176929584E-17,-3.74915180467305E-33));
#3545=DIRECTION('center_axis',(3.74915180467305E-33,2.2956175607926E-49,
-1.));
#3546=DIRECTION('ref_axis',(-6.12303176929584E-17,1.,0.));
#3547=DIRECTION('',(-1.,-6.12303176929584E-17,-3.74915180467305E-33));
#3548=DIRECTION('center_axis',(6.12303176929584E-17,-1.,2.22044604925031E-15));
#3549=DIRECTION('ref_axis',(-1.,-6.12303176929584E-17,-3.74915180467305E-33));
#3550=DIRECTION('',(-1.,-6.12303176929584E-17,-3.74915180467305E-33));
#3551=DIRECTION('center_axis',(-1.58883140382151E-32,1.98254111540207E-16,
1.));
#3552=DIRECTION('ref_axis',(6.12303176929584E-17,-1.,1.98254111540207E-16));
#3553=DIRECTION('center_axis',(1.,6.12303176929584E-17,3.74915180467305E-33));
#3554=DIRECTION('ref_axis',(3.74915180467305E-33,2.2956175607926E-49,-1.));
#3555=DIRECTION('center_axis',(0.,0.,1.));
#3556=DIRECTION('ref_axis',(1.,0.,0.));
#3557=DIRECTION('',(1.,0.,0.));
#3558=DIRECTION('',(0.,-1.,0.));
#3559=DIRECTION('',(-1.,0.,0.));
#3560=DIRECTION('',(-2.64338815386942E-16,1.,0.));
#3561=DIRECTION('center_axis',(-1.,-2.64338815386942E-16,0.));
#3562=DIRECTION('ref_axis',(0.,0.,1.));
#3563=DIRECTION('',(9.28155546040617E-17,-0.351123441588392,-0.936329177569044));
#3564=DIRECTION('',(9.28155546040609E-17,-0.351123441588389,0.936329177569046));
#3565=DIRECTION('',(0.,0.,1.));
#3566=DIRECTION('',(-2.64338815386942E-16,1.,0.));
#3567=DIRECTION('',(0.,0.,1.));
#3568=DIRECTION('center_axis',(1.,0.,0.));
#3569=DIRECTION('ref_axis',(0.,0.,-1.));
#3570=DIRECTION('',(0.,0.351123441588392,0.936329177569044));
#3571=DIRECTION('',(0.,0.,1.));
#3572=DIRECTION('',(0.,-1.,0.));
#3573=DIRECTION('',(0.,0.,1.));
#3574=DIRECTION('',(0.,0.351123441588389,-0.936329177569046));
#3575=DIRECTION('center_axis',(1.28201273051404E-16,-1.,0.));
#3576=DIRECTION('ref_axis',(0.,0.,-1.));
#3577=DIRECTION('',(1.,1.28201273051404E-16,-3.41870061470413E-16));
#3578=DIRECTION('',(-1.,-1.28201273051404E-16,0.));
#3579=DIRECTION('',(1.,1.28201273051404E-16,-3.41870061470413E-16));
#3580=DIRECTION('',(-3.74915180467305E-33,-4.80646034222053E-49,1.));
#3581=DIRECTION('',(1.,1.28201273051404E-16,2.24944802274334E-32));
#3582=DIRECTION('',(3.74915180467305E-33,4.80646034222053E-49,-1.));
#3583=DIRECTION('',(1.,1.28201273051404E-16,-3.41870061470413E-16));
#3584=DIRECTION('',(1.,1.28201273051404E-16,-3.41870061470413E-16));
#3585=DIRECTION('center_axis',(0.,1.,0.));
#3586=DIRECTION('ref_axis',(0.,0.,1.));
#3587=DIRECTION('',(-1.,0.,0.));
#3588=DIRECTION('',(-1.,0.,0.));
#3589=DIRECTION('',(1.24460305557223E-59,0.,1.));
#3590=DIRECTION('',(-1.,0.,-1.82796496566579E-31));
#3591=DIRECTION('',(-1.24460305557223E-59,0.,-1.));
#3592=DIRECTION('',(-1.,0.,0.));
#3593=DIRECTION('',(1.,0.,0.));
#3594=DIRECTION('',(-1.,0.,0.));
#3595=DIRECTION('center_axis',(0.,0.936329177569046,0.351123441588389));
#3596=DIRECTION('ref_axis',(0.,-0.351123441588389,0.936329177569046));
#3597=DIRECTION('',(1.,1.28201273051404E-16,-3.41870061470413E-16));
#3598=DIRECTION('center_axis',(0.,-0.936329177569044,0.351123441588392));
#3599=DIRECTION('ref_axis',(0.,-0.351123441588392,-0.936329177569044));
#3600=DIRECTION('',(-1.,0.,0.));
#3601=DIRECTION('center_axis',(0.,0.,1.));
#3602=DIRECTION('ref_axis',(1.,0.,0.));
#3603=DIRECTION('',(0.,-1.,0.));
#3604=DIRECTION('',(-1.,0.,0.));
#3605=DIRECTION('',(1.85037170770859E-16,1.,0.));
#3606=DIRECTION('',(1.,-1.29396622916685E-16,0.));
#3607=DIRECTION('center_axis',(1.,6.12303176929584E-17,3.74915180467305E-33));
#3608=DIRECTION('ref_axis',(3.74915180467305E-33,2.2956175607926E-49,-1.));
#3609=DIRECTION('center_axis',(-1.,-6.12303176929584E-17,-3.74915180467305E-33));
#3610=DIRECTION('ref_axis',(3.74915180467305E-33,2.2956175607926E-49,-1.));
#3611=DIRECTION('',(-1.,-6.12303176929584E-17,-3.74915180467305E-33));
#3612=DIRECTION('center_axis',(1.,6.12303176929584E-17,3.74915180467305E-33));
#3613=DIRECTION('ref_axis',(3.74915180467305E-33,2.2956175607926E-49,-1.));
#3614=DIRECTION('',(-1.,-6.12303176929584E-17,-3.74915180467305E-33));
#3615=DIRECTION('center_axis',(-1.58883140382151E-32,1.98254111540207E-16,
1.));
#3616=DIRECTION('ref_axis',(6.12303176929584E-17,-1.,1.98254111540207E-16));
#3617=DIRECTION('',(-6.12303176929584E-17,1.,-1.98254111540207E-16));
#3618=DIRECTION('',(-1.,-6.12303176929584E-17,-3.74915180467305E-33));
#3619=DIRECTION('',(9.44993303231456E-17,-1.,1.98254111540207E-16));
#3620=DIRECTION('',(-1.,-6.12303176929584E-17,-3.74915180467305E-33));
#3621=DIRECTION('center_axis',(6.12303176929584E-17,-1.,2.22044604925031E-15));
#3622=DIRECTION('ref_axis',(-1.,-6.12303176929584E-17,-3.74915180467305E-33));
#3623=DIRECTION('',(-1.39707768820344E-31,2.22044604925031E-15,1.));
#3624=DIRECTION('',(1.31716086279832E-16,-2.22044604925031E-15,-1.));
#3625=DIRECTION('',(-1.,-6.12303176929584E-17,-3.74915180467305E-33));
#3626=DIRECTION('center_axis',(3.74915180467305E-33,2.2956175607926E-49,
-1.));
#3627=DIRECTION('ref_axis',(-6.12303176929584E-17,1.,0.));
#3628=DIRECTION('',(6.12303176929584E-17,-1.,0.));
#3629=DIRECTION('',(-9.44993303231456E-17,1.,-1.24730578742157E-49));
#3630=DIRECTION('',(-1.,-6.12303176929584E-17,-3.74915180467305E-33));
#3631=DIRECTION('center_axis',(1.,6.12303176929584E-17,3.74915180467305E-33));
#3632=DIRECTION('ref_axis',(-3.74915180467305E-33,-2.2956175607926E-49,
1.));
#3633=DIRECTION('center_axis',(-1.,-6.12303176929584E-17,-3.74915180467305E-33));
#3634=DIRECTION('ref_axis',(-3.74915180467305E-33,-2.2956175607926E-49,
1.));
#3635=DIRECTION('center_axis',(1.,9.44993303231456E-17,1.31716086279832E-16));
#3636=DIRECTION('ref_axis',(-3.74915180467305E-33,-2.2956175607926E-49,
1.));
#3637=DIRECTION('',(-1.,-6.12303176929584E-17,-3.74915180467305E-33));
#3638=DIRECTION('center_axis',(1.,6.12303176929584E-17,3.74915180467305E-33));
#3639=DIRECTION('ref_axis',(-3.74915180467305E-33,-2.2956175607926E-49,
1.));
#3640=DIRECTION('center_axis',(1.,6.12303176929584E-17,3.74915180467305E-33));
#3641=DIRECTION('ref_axis',(-3.74915180467305E-33,-2.2956175607926E-49,
1.));
#3642=DIRECTION('',(-1.,-6.12303176929584E-17,-3.74915180467305E-33));
#3643=DIRECTION('center_axis',(-1.,-6.12303176929584E-17,-3.74915180467305E-33));
#3644=DIRECTION('ref_axis',(-3.74915180467305E-33,-2.2956175607926E-49,
1.));
#3645=DIRECTION('',(-1.,-6.12303176929584E-17,-3.74915180467305E-33));
#3646=DIRECTION('center_axis',(-1.58377172183661E-32,3.19888410856501E-16,
-1.));
#3647=DIRECTION('ref_axis',(-6.12303176929584E-17,1.,3.19888410856501E-16));
#3648=DIRECTION('',(6.12303176929584E-17,-1.,-3.19888410856501E-16));
#3649=DIRECTION('',(-6.12303176929584E-17,1.,3.19888410856501E-16));
#3650=DIRECTION('center_axis',(-5.93659024689011E-17,0.969550783103781,
-0.24489034072998));
#3651=DIRECTION('ref_axis',(1.,6.12303176929584E-17,3.74915180467305E-33));
#3652=DIRECTION('',(-0.866185586048601,-0.122377201905484,-0.484506296115362));
#3653=DIRECTION('',(-0.866185586048601,0.122377201905484,0.484506296115362));
#3654=DIRECTION('',(-1.49947133628335E-17,0.24489034072998,0.969550783103781));
#3655=DIRECTION('',(1.49947133628335E-17,-0.24489034072998,-0.969550783103781));
#3656=DIRECTION('center_axis',(5.93659024689011E-17,-0.969550783103781,
0.24489034072998));
#3657=DIRECTION('ref_axis',(-1.,-6.12303176929584E-17,-3.74915180467305E-33));
#3658=DIRECTION('',(0.866185586048601,0.122377201905484,0.484506296115362));
#3659=DIRECTION('',(-1.49947133628335E-17,0.24489034072998,0.969550783103781));
#3660=DIRECTION('',(1.49947133628335E-17,-0.24489034072998,-0.969550783103781));
#3661=DIRECTION('',(0.866185586048601,-0.122377201905484,-0.484506296115362));
#3662=DIRECTION('',(-1.,-6.12303176929584E-17,-3.74915180467305E-33));
#3663=DIRECTION('center_axis',(1.,6.12303176929584E-17,3.74915180467305E-33));
#3664=DIRECTION('ref_axis',(3.74915180467305E-33,2.2956175607926E-49,-1.));
#3665=DIRECTION('center_axis',(1.,6.12303176929584E-17,3.74915180467305E-33));
#3666=DIRECTION('ref_axis',(3.74915180467305E-33,2.2956175607926E-49,-1.));
#3667=DIRECTION('center_axis',(-1.,-9.44993303231456E-17,-1.31716086279832E-16));
#3668=DIRECTION('ref_axis',(3.74915180467305E-33,2.2956175607926E-49,-1.));
#3669=DIRECTION('center_axis',(1.,6.12303176929584E-17,3.74915180467305E-33));
#3670=DIRECTION('ref_axis',(6.12303176929584E-17,-1.,0.));
#3671=DIRECTION('',(-6.12303176929584E-17,1.,2.79902359499438E-16));
#3672=DIRECTION('',(-5.93659024689011E-17,0.969550783103781,-0.24489034072998));
#3673=DIRECTION('center_axis',(0.499722453489577,0.212120483302839,0.839810913266628));
#3674=DIRECTION('ref_axis',(0.390732512459272,-0.920504265990802,1.46491550423112E-33));
#3675=DIRECTION('',(5.93659024689011E-17,-0.969550783103781,0.24489034072998));
#3676=DIRECTION('',(5.93659024689011E-17,-0.969550783103781,0.24489034072998));
#3677=DIRECTION('center_axis',(1.,9.44993303231456E-17,1.31716086279832E-16));
#3678=DIRECTION('ref_axis',(9.44993303231456E-17,-1.,1.24730578742157E-49));
#3679=DIRECTION('center_axis',(-1.,-6.12303176929584E-17,-3.74915180467305E-33));
#3680=DIRECTION('ref_axis',(-6.12303176929584E-17,1.,0.));
#3681=DIRECTION('',(5.93659024689011E-17,-0.969550783103781,0.24489034072998));
#3682=DIRECTION('center_axis',(-0.499722453489577,0.212120483302839,0.839810913266628));
#3683=DIRECTION('ref_axis',(0.390732512459272,0.920504265990802,1.46491550423112E-33));
#3684=DIRECTION('center_axis',(1.,6.12303176929584E-17,3.74915180467305E-33));
#3685=DIRECTION('ref_axis',(6.12303176929584E-17,-1.,0.));
#3686=DIRECTION('',(6.12303176929584E-17,-1.,-2.79902359499438E-16));
#3687=DIRECTION('center_axis',(1.33893585904862E-32,-2.79902359499438E-16,
1.));
#3688=DIRECTION('ref_axis',(6.12303176929584E-17,-1.,-2.79902359499438E-16));
#3689=DIRECTION('center_axis',(-1.,-6.53072367426563E-16,1.24460305557223E-59));
#3690=DIRECTION('ref_axis',(-1.24388809517725E-59,-1.09476442525252E-47,
-1.));
#3691=DIRECTION('center_axis',(1.,6.53072367426563E-16,-1.24460305557223E-59));
#3692=DIRECTION('ref_axis',(-1.24388809517725E-59,-1.09476442525252E-47,
-1.));
#3693=DIRECTION('',(1.,6.53072367426563E-16,-1.24460305557223E-59));
#3694=DIRECTION('center_axis',(-1.,-6.53072367426563E-16,1.24460305557223E-59));
#3695=DIRECTION('ref_axis',(-1.24388809517725E-59,-1.09476442525252E-47,
-1.));
#3696=DIRECTION('',(1.,6.53072367426563E-16,-1.24460305557223E-59));
#3697=DIRECTION('center_axis',(1.29474281975613E-31,-1.98254111540207E-16,
1.));
#3698=DIRECTION('ref_axis',(-6.53072367426563E-16,1.,1.98254111540207E-16));
#3699=DIRECTION('',(6.53072367426563E-16,-1.,-1.98254111540207E-16));
#3700=DIRECTION('',(1.,6.53072367426563E-16,-1.24460305557223E-59));
#3701=DIRECTION('',(-6.8634138005675E-16,1.,1.98254111540207E-16));
#3702=DIRECTION('',(1.,6.53072367426563E-16,-1.24460305557223E-59));
#3703=DIRECTION('center_axis',(-6.53072367426563E-16,1.,2.22044604925031E-15));
#3704=DIRECTION('ref_axis',(1.,6.53072367426563E-16,-1.24460305557223E-59));
#3705=DIRECTION('',(1.45011195812686E-30,-2.22044604925031E-15,1.));
#3706=DIRECTION('',(-1.31716086279834E-16,2.22044604925031E-15,-1.));
#3707=DIRECTION('',(1.,6.53072367426563E-16,-1.24460305557223E-59));
#3708=DIRECTION('center_axis',(-1.24388809517725E-59,-1.09476442525252E-47,
-1.));
#3709=DIRECTION('ref_axis',(6.53072367426563E-16,-1.,1.09476442525252E-47));
#3710=DIRECTION('',(-6.53072367426563E-16,1.,-1.09476442525252E-47));
#3711=DIRECTION('',(6.8634138005675E-16,-1.,1.09476442525252E-47));
#3712=DIRECTION('',(1.,6.53072367426563E-16,-1.24460305557223E-59));
#3713=DIRECTION('center_axis',(-1.,-6.53072367426563E-16,1.24460305557223E-59));
#3714=DIRECTION('ref_axis',(1.24388809517725E-59,1.09476442525252E-47,1.));
#3715=DIRECTION('center_axis',(1.,6.53072367426563E-16,-1.24460305557223E-59));
#3716=DIRECTION('ref_axis',(1.24388809517725E-59,1.09476442525252E-47,1.));
#3717=DIRECTION('center_axis',(-1.,-6.8634138005675E-16,1.31716086279832E-16));
#3718=DIRECTION('ref_axis',(1.24388809517725E-59,1.09476442525252E-47,1.));
#3719=DIRECTION('',(1.,6.53072367426563E-16,-1.24460305557223E-59));
#3720=DIRECTION('center_axis',(-1.,-6.53072367426563E-16,1.24460305557223E-59));
#3721=DIRECTION('ref_axis',(1.24388809517725E-59,1.09476442525252E-47,1.));
#3722=DIRECTION('center_axis',(-1.,-6.53072367426563E-16,1.24460305557223E-59));
#3723=DIRECTION('ref_axis',(1.24388809517725E-59,1.09476442525252E-47,1.));
#3724=DIRECTION('',(1.,6.53072367426563E-16,-1.24460305557223E-59));
#3725=DIRECTION('center_axis',(1.,6.53072367426563E-16,-1.24460305557223E-59));
#3726=DIRECTION('ref_axis',(1.24388809517725E-59,1.09476442525252E-47,1.));
#3727=DIRECTION('',(1.,6.53072367426563E-16,-1.24460305557223E-59));
#3728=DIRECTION('center_axis',(2.08910281790376E-31,-3.19888410856501E-16,
-1.));
#3729=DIRECTION('ref_axis',(6.53072367426563E-16,-1.,3.19888410856501E-16));
#3730=DIRECTION('',(-6.53072367426563E-16,1.,-3.19888410856501E-16));
#3731=DIRECTION('',(6.53072367426563E-16,-1.,3.19888410856501E-16));
#3732=DIRECTION('center_axis',(6.33186825261864E-16,-0.969550783103781,
-0.24489034072998));
#3733=DIRECTION('ref_axis',(-1.,-6.53072367426563E-16,1.24460305557223E-59));
#3734=DIRECTION('',(0.8661855860486,0.122377201905485,-0.484506296115362));
#3735=DIRECTION('',(0.866185586048601,-0.122377201905484,0.484506296115362));
#3736=DIRECTION('',(1.59931114580426E-16,-0.24489034072998,0.969550783103781));
#3737=DIRECTION('',(-1.59931114580426E-16,0.24489034072998,-0.969550783103781));
#3738=DIRECTION('center_axis',(-6.33186825261864E-16,0.969550783103781,
0.24489034072998));
#3739=DIRECTION('ref_axis',(1.,6.53072367426563E-16,-1.24460305557223E-59));
#3740=DIRECTION('',(-0.866185586048601,-0.122377201905485,0.484506296115362));
#3741=DIRECTION('',(1.59931114580426E-16,-0.24489034072998,0.969550783103781));
#3742=DIRECTION('',(-1.59931114580426E-16,0.24489034072998,-0.969550783103781));
#3743=DIRECTION('',(-0.866185586048601,0.122377201905484,-0.484506296115362));
#3744=DIRECTION('',(1.,6.53072367426563E-16,-1.24460305557223E-59));
#3745=DIRECTION('center_axis',(-1.,-6.53072367426563E-16,1.24460305557223E-59));
#3746=DIRECTION('ref_axis',(-1.24388809517725E-59,-1.09476442525252E-47,
-1.));
#3747=DIRECTION('center_axis',(-1.,-6.53072367426563E-16,1.24460305557223E-59));
#3748=DIRECTION('ref_axis',(-1.24388809517725E-59,-1.09476442525252E-47,
-1.));
#3749=DIRECTION('center_axis',(1.,6.8634138005675E-16,-1.31716086279832E-16));
#3750=DIRECTION('ref_axis',(-1.24388809517725E-59,-1.09476442525252E-47,
-1.));
#3751=DIRECTION('center_axis',(-1.,-6.53072367426563E-16,1.24460305557223E-59));
#3752=DIRECTION('ref_axis',(-6.53072367426563E-16,1.,-1.09476442525252E-47));
#3753=DIRECTION('',(6.53072367426563E-16,-1.,2.79902359499438E-16));
#3754=DIRECTION('',(6.33186825261864E-16,-0.969550783103781,-0.24489034072998));
#3755=DIRECTION('center_axis',(-0.499722453489577,-0.21212048330284,0.839810913266628));
#3756=DIRECTION('ref_axis',(-0.390732512459273,0.920504265990802,-1.00773532369943E-47));
#3757=DIRECTION('',(-6.33186825261864E-16,0.969550783103781,0.24489034072998));
#3758=DIRECTION('',(-6.33186825261864E-16,0.969550783103781,0.24489034072998));
#3759=DIRECTION('center_axis',(-1.,-6.8634138005675E-16,1.31716086279832E-16));
#3760=DIRECTION('ref_axis',(-6.8634138005675E-16,1.,-1.09476442525252E-47));
#3761=DIRECTION('center_axis',(1.,6.53072367426563E-16,-1.24460305557223E-59));
#3762=DIRECTION('ref_axis',(6.53072367426563E-16,-1.,1.09476442525252E-47));
#3763=DIRECTION('',(-6.33186825261864E-16,0.969550783103781,0.24489034072998));
#3764=DIRECTION('center_axis',(0.499722453489577,-0.212120483302839,0.839810913266628));
#3765=DIRECTION('ref_axis',(-0.390732512459272,-0.920504265990802,1.0077353237004E-47));
#3766=DIRECTION('center_axis',(-1.,-6.53072367426563E-16,1.24460305557223E-59));
#3767=DIRECTION('ref_axis',(-6.53072367426563E-16,1.,-1.09476442525252E-47));
#3768=DIRECTION('',(-6.53072367426563E-16,1.,-2.79902359499438E-16));
#3769=DIRECTION('center_axis',(-1.82796496566579E-31,2.79902359499438E-16,
1.));
#3770=DIRECTION('ref_axis',(-6.53072367426563E-16,1.,-2.79902359499438E-16));
#3771=DIRECTION('center_axis',(0.,0.,-1.));
#3772=DIRECTION('ref_axis',(1.,0.,0.));
#3773=DIRECTION('',(1.,0.,0.));
#3774=DIRECTION('',(0.,1.,0.));
#3775=DIRECTION('',(-1.,1.29396622916685E-16,0.));
#3776=DIRECTION('',(-1.85037170770859E-16,-1.,0.));
#3777=DIRECTION('center_axis',(0.,-1.,0.));
#3778=DIRECTION('ref_axis',(0.,0.,-1.));
#3779=DIRECTION('',(0.,0.,-1.));
#3780=DIRECTION('',(0.,0.,-1.));
#3781=DIRECTION('center_axis',(-1.,1.85037170770859E-16,0.));
#3782=DIRECTION('ref_axis',(0.,0.,-1.));
#3783=DIRECTION('',(0.,0.,-1.));
#3784=DIRECTION('center_axis',(1.29396622916685E-16,1.,0.));
#3785=DIRECTION('ref_axis',(0.,0.,1.));
#3786=DIRECTION('',(0.,0.,-1.));
#3787=DIRECTION('center_axis',(1.,0.,0.));
#3788=DIRECTION('ref_axis',(0.,0.,1.));
#3789=DIRECTION('center_axis',(9.58828975812635E-16,-1.,5.17414014910041E-32));
#3790=DIRECTION('ref_axis',(3.38824208215788E-46,-5.17414014910041E-32,
-1.));
#3791=DIRECTION('',(-1.,0.,3.41748762934386E-30));
#3792=DIRECTION('',(-3.38824208215788E-46,5.17414014910041E-32,1.));
#3793=DIRECTION('',(1.,9.58828975812635E-16,0.));
#3794=DIRECTION('',(-3.38824208215788E-46,5.17414014910041E-32,1.));
#3795=DIRECTION('center_axis',(1.,9.71445146547011E-16,2.88560274861812E-46));
#3796=DIRECTION('ref_axis',(3.38824208215788E-46,-5.17414014910041E-32,
-1.));
#3797=DIRECTION('',(-9.71445146547011E-16,1.,0.));
#3798=DIRECTION('',(-2.88560274861812E-46,0.,1.));
#3799=DIRECTION('',(9.71445146547011E-16,-1.,5.17414014909968E-32));
#3800=DIRECTION('',(-3.38824208215788E-46,5.17414014910041E-32,1.));
#3801=DIRECTION('center_axis',(-1.,-7.63278329429795E-16,-2.99331117723379E-46));
#3802=DIRECTION('ref_axis',(-3.38824208215788E-46,5.17414014910041E-32,
1.));
#3803=DIRECTION('',(7.63278329429795E-16,-1.,0.));
#3804=DIRECTION('',(-3.38824208215788E-46,5.17414014910041E-32,1.));
#3805=DIRECTION('',(-7.63278329429795E-16,1.,-5.17414014909984E-32));
#3806=DIRECTION('',(2.99331117723379E-46,0.,-1.));
#3807=DIRECTION('center_axis',(-8.32667268468867E-16,1.,-5.17414014910041E-32));
#3808=DIRECTION('ref_axis',(-3.38824208215788E-46,5.17414014910041E-32,
1.));
#3809=DIRECTION('',(-1.,-8.32667268468867E-16,0.));
#3810=DIRECTION('',(1.,8.32667268468867E-16,-7.53763626659019E-30));
#3811=DIRECTION('center_axis',(7.53763626659019E-30,5.17414014910041E-32,
1.));
#3812=DIRECTION('ref_axis',(1.,0.,-7.53763626659019E-30));
#3813=DIRECTION('',(1.,0.,0.));
#3814=DIRECTION('',(-2.77555756156289E-16,1.,0.));
#3815=DIRECTION('',(-1.,-2.31296463463574E-16,0.));
#3816=DIRECTION('',(8.32667268468867E-16,-1.,0.));
#3817=DIRECTION('',(1.,0.,0.));
#3818=DIRECTION('center_axis',(0.,-1.,0.));
#3819=DIRECTION('ref_axis',(0.,0.,-1.));
#3820=DIRECTION('',(-1.,0.,3.41748762934386E-30));
#3821=DIRECTION('',(0.,0.,-1.));
#3822=DIRECTION('center_axis',(0.,0.,-1.));
#3823=DIRECTION('ref_axis',(1.,0.,0.));
#3824=DIRECTION('',(1.,2.31296463463574E-16,0.));
#3825=DIRECTION('',(2.77555756156289E-16,-1.,0.));
#3826=DIRECTION('',(-1.,-2.31296463463574E-16,0.));
#3827=DIRECTION('',(-8.32667268468867E-16,1.,0.));
#3828=DIRECTION('center_axis',(2.31296463463574E-16,-1.,0.));
#3829=DIRECTION('ref_axis',(0.,0.,-1.));
#3830=DIRECTION('',(1.,2.31296463463574E-16,0.));
#3831=DIRECTION('',(0.,0.,-1.));
#3832=DIRECTION('',(0.,0.,-1.));
#3833=DIRECTION('center_axis',(3.41748762934386E-30,-5.48228894020207E-29,
1.));
#3834=DIRECTION('ref_axis',(1.,0.,-3.41748762934386E-30));
#3835=DIRECTION('',(0.,1.,0.));
#3836=DIRECTION('',(-1.,0.,3.41748762934386E-30));
#3837=DIRECTION('',(0.,-1.,0.));
#3838=DIRECTION('center_axis',(-2.31296463463574E-16,1.,0.));
#3839=DIRECTION('ref_axis',(0.,0.,1.));
#3840=DIRECTION('',(-1.,-2.31296463463574E-16,0.));
#3841=DIRECTION('',(0.,0.,-1.));
#3842=DIRECTION('',(0.,0.,-1.));
#3843=DIRECTION('center_axis',(9.83725411063467E-30,-1.24363333005924E-28,
1.));
#3844=DIRECTION('ref_axis',(1.,0.,-9.83725411063467E-30));
#3845=DIRECTION('',(0.,1.,0.));
#3846=DIRECTION('',(-4.44089209850063E-15,-1.,0.));
#3847=DIRECTION('',(1.,2.31296463463574E-16,-9.83725411063464E-30));
#3848=DIRECTION('center_axis',(0.,-1.,0.));
#3849=DIRECTION('ref_axis',(0.,0.,-1.));
#3850=DIRECTION('',(0.,0.,-1.));
#3851=DIRECTION('center_axis',(1.,2.77555756156289E-16,0.));
#3852=DIRECTION('ref_axis',(0.,0.,-1.));
#3853=DIRECTION('',(0.,0.,-1.));
#3854=DIRECTION('center_axis',(-2.31296463463574E-16,1.,0.));
#3855=DIRECTION('ref_axis',(0.,0.,1.));
#3856=DIRECTION('',(0.,0.,-1.));
#3857=DIRECTION('center_axis',(-1.,-8.32667268468867E-16,0.));
#3858=DIRECTION('ref_axis',(0.,0.,1.));
#3859=DIRECTION('center_axis',(9.58828975812635E-16,-1.,5.17414014910041E-32));
#3860=DIRECTION('ref_axis',(3.38824208215788E-46,-5.17414014910041E-32,
-1.));
#3861=DIRECTION('',(-1.,0.,3.41748762934386E-30));
#3862=DIRECTION('',(-3.38824208215788E-46,5.17414014910041E-32,1.));
#3863=DIRECTION('',(1.,9.58828975812635E-16,0.));
#3864=DIRECTION('',(-3.38824208215788E-46,5.17414014910041E-32,1.));
#3865=DIRECTION('center_axis',(1.,9.71445146547011E-16,2.88560274861812E-46));
#3866=DIRECTION('ref_axis',(3.38824208215788E-46,-5.17414014910041E-32,
-1.));
#3867=DIRECTION('',(-9.71445146547011E-16,1.,0.));
#3868=DIRECTION('',(-2.88560274861812E-46,0.,1.));
#3869=DIRECTION('',(9.71445146547011E-16,-1.,5.17414014909968E-32));
#3870=DIRECTION('',(-3.38824208215788E-46,5.17414014910041E-32,1.));
#3871=DIRECTION('center_axis',(-1.,-7.63278329429795E-16,-2.99331117723379E-46));
#3872=DIRECTION('ref_axis',(-3.38824208215788E-46,5.17414014910041E-32,
1.));
#3873=DIRECTION('',(7.63278329429795E-16,-1.,0.));
#3874=DIRECTION('',(-3.38824208215788E-46,5.17414014910041E-32,1.));
#3875=DIRECTION('',(-7.63278329429795E-16,1.,-5.17414014909984E-32));
#3876=DIRECTION('',(2.99331117723379E-46,0.,-1.));
#3877=DIRECTION('center_axis',(-8.32667268468867E-16,1.,-5.17414014910041E-32));
#3878=DIRECTION('ref_axis',(-3.38824208215788E-46,5.17414014910041E-32,
1.));
#3879=DIRECTION('',(-1.,-8.32667268468867E-16,0.));
#3880=DIRECTION('',(1.,8.32667268468867E-16,-7.53763626659019E-30));
#3881=DIRECTION('center_axis',(0.,-1.,0.));
#3882=DIRECTION('ref_axis',(0.,0.,-1.));
#3883=DIRECTION('',(-1.,0.,3.41748762934386E-30));
#3884=DIRECTION('',(0.,0.,-1.));
#3885=DIRECTION('',(1.,0.,0.));
#3886=DIRECTION('center_axis',(0.,-1.,0.));
#3887=DIRECTION('ref_axis',(0.,0.,-1.));
#3888=DIRECTION('',(1.,0.,0.));
#3889=DIRECTION('',(0.,0.,-1.));
#3890=DIRECTION('',(-1.,0.,3.41748762934386E-30));
#3891=DIRECTION('center_axis',(7.53763626659019E-30,5.17414014910041E-32,
1.));
#3892=DIRECTION('ref_axis',(1.,0.,-7.53763626659019E-30));
#3893=DIRECTION('',(-2.77555756156289E-16,1.,0.));
#3894=DIRECTION('',(-1.,-2.31296463463574E-16,0.));
#3895=DIRECTION('',(8.32667268468867E-16,-1.,0.));
#3896=DIRECTION('center_axis',(-1.,-8.32667268468867E-16,0.));
#3897=DIRECTION('ref_axis',(0.,0.,1.));
#3898=DIRECTION('',(0.,0.,-1.));
#3899=DIRECTION('',(-4.44089209850063E-15,-1.,0.));
#3900=DIRECTION('',(0.,0.,-1.));
#3901=DIRECTION('',(-8.32667268468867E-16,1.,0.));
#3902=DIRECTION('',(0.,0.,-1.));
#3903=DIRECTION('',(0.,-1.,0.));
#3904=DIRECTION('center_axis',(-2.31296463463574E-16,1.,0.));
#3905=DIRECTION('ref_axis',(0.,0.,1.));
#3906=DIRECTION('',(1.,2.31296463463574E-16,-9.83725411063464E-30));
#3907=DIRECTION('',(0.,0.,-1.));
#3908=DIRECTION('center_axis',(1.,2.77555756156289E-16,0.));
#3909=DIRECTION('ref_axis',(0.,0.,-1.));
#3910=DIRECTION('',(0.,1.,0.));
#3911=DIRECTION('',(0.,0.,-1.));
#3912=DIRECTION('',(2.77555756156289E-16,-1.,0.));
#3913=DIRECTION('',(0.,0.,-1.));
#3914=DIRECTION('',(0.,1.,0.));
#3915=DIRECTION('center_axis',(9.83725411063467E-30,-1.24363333005924E-28,
1.));
#3916=DIRECTION('ref_axis',(1.,0.,-9.83725411063467E-30));
#3917=DIRECTION('',(-1.,-2.31296463463574E-16,0.));
#3918=DIRECTION('center_axis',(-2.31296463463574E-16,1.,0.));
#3919=DIRECTION('ref_axis',(0.,0.,1.));
#3920=DIRECTION('',(1.,2.31296463463574E-16,0.));
#3921=DIRECTION('center_axis',(3.41748762934386E-30,-5.48228894020207E-29,
1.));
#3922=DIRECTION('ref_axis',(1.,0.,-3.41748762934386E-30));
#3923=DIRECTION('',(1.,2.31296463463574E-16,0.));
#3924=DIRECTION('center_axis',(2.31296463463574E-16,-1.,0.));
#3925=DIRECTION('ref_axis',(0.,0.,-1.));
#3926=DIRECTION('',(-1.,-2.31296463463574E-16,0.));
#3927=DIRECTION('center_axis',(0.,0.,-1.));
#3928=DIRECTION('ref_axis',(1.,0.,0.));
#3929=DIRECTION('center_axis',(9.58828975812635E-16,-1.,5.17414014910041E-32));
#3930=DIRECTION('ref_axis',(3.38824208215788E-46,-5.17414014910041E-32,
-1.));
#3931=DIRECTION('',(1.,0.,-3.41748762934386E-30));
#3932=DIRECTION('',(-3.38824208215788E-46,5.17414014910041E-32,1.));
#3933=DIRECTION('',(1.,9.58828975812635E-16,0.));
#3934=DIRECTION('',(-3.38824208215788E-46,5.17414014910041E-32,1.));
#3935=DIRECTION('center_axis',(1.,9.71445146547011E-16,2.88560274861812E-46));
#3936=DIRECTION('ref_axis',(3.38824208215788E-46,-5.17414014910041E-32,
-1.));
#3937=DIRECTION('',(-9.71445146547011E-16,1.,0.));
#3938=DIRECTION('',(-2.88560274861812E-46,0.,1.));
#3939=DIRECTION('',(9.71445146547011E-16,-1.,5.17414014909968E-32));
#3940=DIRECTION('',(-3.38824208215788E-46,5.17414014910041E-32,1.));
#3941=DIRECTION('center_axis',(-1.,-7.63278329429795E-16,-2.99331117723379E-46));
#3942=DIRECTION('ref_axis',(-3.38824208215788E-46,5.17414014910041E-32,
1.));
#3943=DIRECTION('',(7.63278329429795E-16,-1.,0.));
#3944=DIRECTION('',(-3.38824208215788E-46,5.17414014910041E-32,1.));
#3945=DIRECTION('',(-7.63278329429795E-16,1.,-5.17414014909984E-32));
#3946=DIRECTION('',(2.99331117723379E-46,0.,-1.));
#3947=DIRECTION('center_axis',(-8.32667268468867E-16,1.,-5.17414014910041E-32));
#3948=DIRECTION('ref_axis',(-3.38824208215788E-46,5.17414014910041E-32,
1.));
#3949=DIRECTION('',(-1.,-8.32667268468867E-16,0.));
#3950=DIRECTION('',(1.,8.32667268468867E-16,-7.53763626659019E-30));
#3951=DIRECTION('center_axis',(7.53763626659019E-30,5.17414014910041E-32,
1.));
#3952=DIRECTION('ref_axis',(1.,0.,-7.53763626659019E-30));
#3953=DIRECTION('',(1.,0.,0.));
#3954=DIRECTION('',(-2.77555756156289E-16,1.,0.));
#3955=DIRECTION('',(-1.,-2.31296463463574E-16,0.));
#3956=DIRECTION('',(8.32667268468867E-16,-1.,0.));
#3957=DIRECTION('',(1.,0.,0.));
#3958=DIRECTION('center_axis',(0.,-1.,0.));
#3959=DIRECTION('ref_axis',(0.,0.,-1.));
#3960=DIRECTION('',(1.,0.,-3.41748762934386E-30));
#3961=DIRECTION('',(0.,0.,-1.));
#3962=DIRECTION('center_axis',(0.,0.,-1.));
#3963=DIRECTION('ref_axis',(1.,0.,0.));
#3964=DIRECTION('',(1.,2.31296463463574E-16,0.));
#3965=DIRECTION('',(2.77555756156289E-16,-1.,0.));
#3966=DIRECTION('',(-1.,-2.31296463463574E-16,0.));
#3967=DIRECTION('',(4.44089209850063E-15,1.,0.));
#3968=DIRECTION('center_axis',(2.31296463463574E-16,-1.,0.));
#3969=DIRECTION('ref_axis',(0.,0.,-1.));
#3970=DIRECTION('',(1.,2.31296463463574E-16,0.));
#3971=DIRECTION('',(0.,0.,-1.));
#3972=DIRECTION('',(0.,0.,-1.));
#3973=DIRECTION('center_axis',(3.41748762934386E-30,-5.48228894020207E-29,
1.));
#3974=DIRECTION('ref_axis',(1.,0.,-3.41748762934386E-30));
#3975=DIRECTION('',(0.,1.,0.));
#3976=DIRECTION('',(1.,0.,-3.41748762934386E-30));
#3977=DIRECTION('',(0.,-1.,0.));
#3978=DIRECTION('center_axis',(-2.31296463463574E-16,1.,0.));
#3979=DIRECTION('ref_axis',(0.,0.,1.));
#3980=DIRECTION('',(-1.,-2.31296463463574E-16,0.));
#3981=DIRECTION('',(0.,0.,-1.));
#3982=DIRECTION('',(0.,0.,-1.));
#3983=DIRECTION('center_axis',(9.83725411063467E-30,-1.24363333005924E-28,
1.));
#3984=DIRECTION('ref_axis',(1.,0.,-9.83725411063467E-30));
#3985=DIRECTION('',(0.,1.,0.));
#3986=DIRECTION('',(-4.44089209850063E-15,-1.,0.));
#3987=DIRECTION('',(-1.,-2.31296463463574E-16,9.83725411063464E-30));
#3988=DIRECTION('center_axis',(-2.31296463463574E-16,1.,0.));
#3989=DIRECTION('ref_axis',(0.,0.,1.));
#3990=DIRECTION('',(0.,0.,-1.));
#3991=DIRECTION('',(0.,0.,-1.));
#3992=DIRECTION('center_axis',(1.,2.77555756156289E-16,0.));
#3993=DIRECTION('ref_axis',(0.,0.,-1.));
#3994=DIRECTION('center_axis',(-1.,-8.32667268468867E-16,0.));
#3995=DIRECTION('ref_axis',(0.,0.,1.));
#3996=DIRECTION('',(0.,0.,-1.));
#3997=DIRECTION('center_axis',(0.,-1.,0.));
#3998=DIRECTION('ref_axis',(0.,0.,-1.));
#3999=CARTESIAN_POINT('',(0.,0.,0.));
#4000=CARTESIAN_POINT('Origin',(0.249,0.347065722591368,0.105));
#4001=CARTESIAN_POINT('',(0.326,0.315,0.105));
#4002=CARTESIAN_POINT('',(0.172,0.315,0.105));
#4003=CARTESIAN_POINT('',(-0.0920000000000002,0.315,0.105));
#4004=CARTESIAN_POINT('',(0.326,0.347065722591368,0.105));
#4005=CARTESIAN_POINT('',(0.326,0.347065722591368,0.105));
#4006=CARTESIAN_POINT('',(0.172,0.347065722591367,0.105));
#4007=CARTESIAN_POINT('',(0.249,0.347065722591368,0.105));
#4008=CARTESIAN_POINT('',(0.172,0.347065722591367,0.105));
#4009=CARTESIAN_POINT('Origin',(0.326,0.268698656607096,0.0509468557345402));
#4010=CARTESIAN_POINT('',(0.326,0.315,0.08));
#4011=CARTESIAN_POINT('',(0.326,0.315,0.0254734278672701));
#4012=CARTESIAN_POINT('',(0.326,0.347065722591367,0.08));
#4013=CARTESIAN_POINT('',(0.326,1.03185434053397E-16,0.0800000000000001));
#4014=CARTESIAN_POINT('',(0.326,0.356761230422405,0.0724489034072997));
#4015=CARTESIAN_POINT('Origin',(0.326,0.347065722591367,0.0699999999999999));
#4016=CARTESIAN_POINT('',(0.326,0.378719012369468,-0.0144846384324359));
#4017=CARTESIAN_POINT('',(0.326,0.356761230422405,0.0724489034072997));
#4018=CARTESIAN_POINT('',(0.326,0.402957781947063,-0.00836237991418637));
#4019=CARTESIAN_POINT('',(0.326,0.346895068316029,-0.0225227697386373));
#4020=CARTESIAN_POINT('',(0.326,0.381,0.0785711619255492));
#4021=CARTESIAN_POINT('',(0.326,0.410304492168962,-0.0374489034072998));
#4022=CARTESIAN_POINT('Origin',(0.326,0.347065722591368,0.0699999999999999));
#4023=CARTESIAN_POINT('Origin',(0.172,0.402957781947063,-0.00836237991418635));
#4024=CARTESIAN_POINT('',(0.224,0.410304492168962,-0.0374489034072998));
#4025=CARTESIAN_POINT('',(0.172,0.402957781947063,-0.00836237991418635));
#4026=CARTESIAN_POINT('',(0.207378468368479,0.407956154162406,-0.0281515462863046));
#4027=CARTESIAN_POINT('',(0.224,0.386065722591368,-0.0435711619255493));
#4028=CARTESIAN_POINT('',(0.224,0.410304492168962,-0.0374489034072998));
#4029=CARTESIAN_POINT('',(0.172,0.378719012369468,-0.0144846384324359));
#4030=CARTESIAN_POINT('',(0.1814801023386,0.380058388614769,-0.0197873926514514));
#4031=CARTESIAN_POINT('',(0.172,0.346895068316028,-0.0225227697386373));
#4032=CARTESIAN_POINT('Origin',(0.224,0.410304492168962,-0.0374489034072998));
#4033=CARTESIAN_POINT('',(0.224,0.42,-0.045));
#4034=CARTESIAN_POINT('Origin',(0.224,0.42,-0.035));
#4035=CARTESIAN_POINT('',(0.224,0.49,-0.045));
#4036=CARTESIAN_POINT('',(0.224,0.450152246084481,-0.045));
#4037=CARTESIAN_POINT('',(0.224,0.49,-0.07));
#4038=CARTESIAN_POINT('',(0.224,0.49,-0.0537244517036498));
#4039=CARTESIAN_POINT('',(0.224,0.42,-0.07));
#4040=CARTESIAN_POINT('',(0.224,0.415152246084481,-0.07));
#4041=CARTESIAN_POINT('Origin',(0.224,0.42,-0.035));
#4042=CARTESIAN_POINT('Origin',(0.274,0.422812658454787,-0.0869702621569515));
#4043=CARTESIAN_POINT('',(0.274,0.410304492168962,-0.0374489034072998));
#4044=CARTESIAN_POINT('',(0.274,0.42,-0.045));
#4045=CARTESIAN_POINT('Origin',(0.274,0.42,-0.035));
#4046=CARTESIAN_POINT('',(0.274,0.386065722591368,-0.0435711619255493));
#4047=CARTESIAN_POINT('',(0.274,0.410304492168962,-0.0374489034072998));
#4048=CARTESIAN_POINT('',(0.274,0.42,-0.07));
#4049=CARTESIAN_POINT('Origin',(0.274,0.42,-0.035));
#4050=CARTESIAN_POINT('',(0.274,0.49,-0.07));
#4051=CARTESIAN_POINT('',(0.274,0.421406329227393,-0.07));
#4052=CARTESIAN_POINT('',(0.274,0.49,-0.045));
#4053=CARTESIAN_POINT('',(0.274,0.49,-0.0784851310784757));
#4054=CARTESIAN_POINT('',(0.274,0.456406329227393,-0.045));
#4055=CARTESIAN_POINT('Origin',(0.274,0.410304492168962,-0.0374489034072998));
#4056=CARTESIAN_POINT('',(0.26462153163152,0.411629509273356,-0.0426948080328613));
#4057=CARTESIAN_POINT('',(0.2905198976614,0.383731743725719,-0.0343306543980082));
#4058=CARTESIAN_POINT('Origin',(0.172,0.268698656607095,0.0509468557345402));
#4059=CARTESIAN_POINT('',(0.172,0.315,0.08));
#4060=CARTESIAN_POINT('',(0.172,0.315,0.0254734278672701));
#4061=CARTESIAN_POINT('',(0.172,0.381,0.0785711619255492));
#4062=CARTESIAN_POINT('Origin',(0.172,0.347065722591367,0.0699999999999999));
#4063=CARTESIAN_POINT('',(0.172,0.410304492168962,-0.0374489034072998));
#4064=CARTESIAN_POINT('',(0.172,0.356761230422405,0.0724489034072997));
#4065=CARTESIAN_POINT('',(0.172,0.356761230422405,0.0724489034072997));
#4066=CARTESIAN_POINT('',(0.172,0.347065722591367,0.08));
#4067=CARTESIAN_POINT('Origin',(0.172,0.347065722591367,0.0699999999999999));
#4068=CARTESIAN_POINT('',(0.172,2.61228946970607E-18,0.0800000000000001));
#4069=CARTESIAN_POINT('Origin',(0.249,0.42,-0.035));
#4070=CARTESIAN_POINT('',(0.249,0.410304492168962,-0.0374489034072998));
#4071=CARTESIAN_POINT('',(0.249,0.42,-0.045));
#4072=CARTESIAN_POINT('Origin',(0.249,0.410304492168962,-0.0374489034072998));
#4073=CARTESIAN_POINT('',(0.249,0.381,0.0785711619255492));
#4074=CARTESIAN_POINT('Origin',(0.249,0.356761230422405,0.0724489034072997));
#4075=CARTESIAN_POINT('',(0.249,0.386065722591368,-0.0435711619255493));
#4076=CARTESIAN_POINT('',(0.249,0.356761230422405,0.0724489034072997));
#4077=CARTESIAN_POINT('Origin',(0.249,5.28988617615514E-17,0.0800000000000001));
#4078=CARTESIAN_POINT('',(-8.32667268468867E-17,0.315,0.08));
#4079=CARTESIAN_POINT('',(0.249,0.347065722591367,0.08));
#4080=CARTESIAN_POINT('Origin',(0.249,0.347065722591367,0.0699999999999999));
#4081=CARTESIAN_POINT('Origin',(0.249,0.42,-0.035));
#4082=CARTESIAN_POINT('',(0.249,0.42,-0.07));
#4083=CARTESIAN_POINT('Origin',(0.249,0.42,-0.07));
#4084=CARTESIAN_POINT('',(0.249,0.49,-0.07));
#4085=CARTESIAN_POINT('Origin',(0.249,0.49,-0.07));
#4086=CARTESIAN_POINT('',(0.249,0.49,-0.045));
#4087=CARTESIAN_POINT('Origin',(0.249,0.49,-0.045));
#4088=CARTESIAN_POINT('Origin',(0.249,0.347065722591368,0.0699999999999999));
#4089=CARTESIAN_POINT('Origin',(-0.00500000000000023,0.347065722591368,
0.105));
#4090=CARTESIAN_POINT('',(0.0719999999999998,0.315,0.105));
#4091=CARTESIAN_POINT('',(-0.0820000000000002,0.315,0.105));
#4092=CARTESIAN_POINT('',(-0.219,0.315,0.105));
#4093=CARTESIAN_POINT('',(0.0719999999999998,0.347065722591368,0.105));
#4094=CARTESIAN_POINT('',(0.0719999999999998,0.347065722591368,0.105));
#4095=CARTESIAN_POINT('',(-0.0820000000000002,0.347065722591367,0.105));
#4096=CARTESIAN_POINT('',(-0.00500000000000023,0.347065722591368,0.105));
#4097=CARTESIAN_POINT('',(-0.0820000000000002,0.347065722591367,0.105));
#4098=CARTESIAN_POINT('Origin',(0.0719999999999998,0.268698656607096,0.0509468557345402));
#4099=CARTESIAN_POINT('',(0.0719999999999998,0.315,0.08));
#4100=CARTESIAN_POINT('',(0.0719999999999998,0.315,0.0254734278672701));
#4101=CARTESIAN_POINT('',(0.0719999999999998,0.347065722591367,0.08));
#4102=CARTESIAN_POINT('',(0.072,1.03185434053397E-16,0.0800000000000001));
#4103=CARTESIAN_POINT('',(0.0719999999999998,0.356761230422405,0.0724489034072997));
#4104=CARTESIAN_POINT('Origin',(0.0719999999999998,0.347065722591367,0.0699999999999999));
#4105=CARTESIAN_POINT('',(0.0719999999999998,0.378719012369468,-0.0144846384324359));
#4106=CARTESIAN_POINT('',(0.0719999999999998,0.356761230422405,0.0724489034072997));
#4107=CARTESIAN_POINT('',(0.0719999999999997,0.402957781947063,-0.00836237991418637));
#4108=CARTESIAN_POINT('',(0.0719999999999998,0.346895068316029,-0.0225227697386373));
#4109=CARTESIAN_POINT('',(0.0719999999999998,0.381,0.0785711619255492));
#4110=CARTESIAN_POINT('',(0.0719999999999997,0.410304492168962,-0.0374489034072998));
#4111=CARTESIAN_POINT('Origin',(0.0719999999999998,0.347065722591368,0.0699999999999999));
#4112=CARTESIAN_POINT('Origin',(-0.0820000000000003,0.402957781947063,-0.00836237991418635));
#4113=CARTESIAN_POINT('',(-0.0300000000000003,0.410304492168962,-0.0374489034072998));
#4114=CARTESIAN_POINT('',(-0.0820000000000003,0.402957781947063,-0.00836237991418635));
#4115=CARTESIAN_POINT('',(-0.0466215316315208,0.407956154162406,-0.0281515462863046));
#4116=CARTESIAN_POINT('',(-0.0300000000000003,0.386065722591368,-0.0435711619255493));
#4117=CARTESIAN_POINT('',(-0.0300000000000003,0.410304492168962,-0.0374489034072998));
#4118=CARTESIAN_POINT('',(-0.0820000000000003,0.378719012369468,-0.0144846384324359));
#4119=CARTESIAN_POINT('',(-0.0725198976614002,0.380058388614769,-0.0197873926514514));
#4120=CARTESIAN_POINT('',(-0.0820000000000002,0.346895068316028,-0.0225227697386373));
#4121=CARTESIAN_POINT('Origin',(-0.0300000000000003,0.410304492168962,-0.0374489034072998));
#4122=CARTESIAN_POINT('',(-0.0300000000000003,0.42,-0.045));
#4123=CARTESIAN_POINT('Origin',(-0.0300000000000003,0.42,-0.035));
#4124=CARTESIAN_POINT('',(-0.0300000000000003,0.49,-0.045));
#4125=CARTESIAN_POINT('',(-0.0300000000000003,0.450152246084481,-0.045));
#4126=CARTESIAN_POINT('',(-0.0300000000000003,0.49,-0.07));
#4127=CARTESIAN_POINT('',(-0.0300000000000003,0.49,-0.0537244517036498));
#4128=CARTESIAN_POINT('',(-0.0300000000000003,0.42,-0.07));
#4129=CARTESIAN_POINT('',(-0.0300000000000003,0.415152246084481,-0.07));
#4130=CARTESIAN_POINT('Origin',(-0.0300000000000003,0.42,-0.035));
#4131=CARTESIAN_POINT('Origin',(0.0199999999999997,0.422812658454787,-0.0869702621569515));
#4132=CARTESIAN_POINT('',(0.0199999999999997,0.410304492168962,-0.0374489034072998));
#4133=CARTESIAN_POINT('',(0.0199999999999997,0.42,-0.045));
#4134=CARTESIAN_POINT('Origin',(0.0199999999999997,0.42,-0.035));
#4135=CARTESIAN_POINT('',(0.0199999999999997,0.386065722591368,-0.0435711619255493));
#4136=CARTESIAN_POINT('',(0.0199999999999997,0.410304492168962,-0.0374489034072998));
#4137=CARTESIAN_POINT('',(0.0199999999999997,0.42,-0.07));
#4138=CARTESIAN_POINT('Origin',(0.0199999999999997,0.42,-0.035));
#4139=CARTESIAN_POINT('',(0.0199999999999997,0.49,-0.07));
#4140=CARTESIAN_POINT('',(0.0199999999999997,0.421406329227393,-0.07));
#4141=CARTESIAN_POINT('',(0.0199999999999997,0.49,-0.045));
#4142=CARTESIAN_POINT('',(0.0199999999999997,0.49,-0.0784851310784757));
#4143=CARTESIAN_POINT('',(0.0199999999999997,0.456406329227393,-0.045));
#4144=CARTESIAN_POINT('Origin',(0.0199999999999997,0.410304492168962,-0.0374489034072998));
#4145=CARTESIAN_POINT('',(0.0106215316315203,0.411629509273356,-0.0426948080328613));
#4146=CARTESIAN_POINT('',(0.0365198976613997,0.383731743725719,-0.0343306543980082));
#4147=CARTESIAN_POINT('Origin',(-0.0820000000000002,0.268698656607095,0.0509468557345402));
#4148=CARTESIAN_POINT('',(-0.0820000000000002,0.315,0.08));
#4149=CARTESIAN_POINT('',(-0.0820000000000003,0.315,0.0254734278672701));
#4150=CARTESIAN_POINT('',(-0.0820000000000003,0.381,0.0785711619255492));
#4151=CARTESIAN_POINT('Origin',(-0.0820000000000002,0.347065722591367,0.0699999999999999));
#4152=CARTESIAN_POINT('',(-0.0820000000000003,0.410304492168962,-0.0374489034072998));
#4153=CARTESIAN_POINT('',(-0.0820000000000003,0.356761230422405,0.0724489034072997));
#4154=CARTESIAN_POINT('',(-0.0820000000000003,0.356761230422405,0.0724489034072997));
#4155=CARTESIAN_POINT('',(-0.0820000000000002,0.347065722591367,0.08));
#4156=CARTESIAN_POINT('Origin',(-0.0820000000000002,0.347065722591367,0.0699999999999999));
#4157=CARTESIAN_POINT('',(-0.082,2.61228946970607E-18,0.0800000000000001));
#4158=CARTESIAN_POINT('Origin',(-0.00500000000000028,0.42,-0.035));
#4159=CARTESIAN_POINT('',(-0.00500000000000027,0.410304492168962,-0.0374489034072998));
#4160=CARTESIAN_POINT('',(-0.00500000000000028,0.42,-0.045));
#4161=CARTESIAN_POINT('Origin',(-0.00500000000000027,0.410304492168962,
-0.0374489034072998));
#4162=CARTESIAN_POINT('',(-0.00500000000000025,0.381,0.0785711619255492));
#4163=CARTESIAN_POINT('Origin',(-0.00500000000000024,0.356761230422405,
0.0724489034072997));
#4164=CARTESIAN_POINT('',(-0.00500000000000026,0.386065722591368,-0.0435711619255493));
#4165=CARTESIAN_POINT('',(-0.00500000000000024,0.356761230422405,0.0724489034072997));
#4166=CARTESIAN_POINT('Origin',(-0.005,5.28988617615514E-17,0.0800000000000001));
#4167=CARTESIAN_POINT('',(-8.32667268468867E-17,0.315,0.08));
#4168=CARTESIAN_POINT('',(-0.00500000000000023,0.347065722591367,0.08));
#4169=CARTESIAN_POINT('Origin',(-0.00500000000000023,0.347065722591367,
0.0699999999999999));
#4170=CARTESIAN_POINT('Origin',(-0.00500000000000028,0.42,-0.035));
#4171=CARTESIAN_POINT('',(-0.00500000000000028,0.42,-0.07));
#4172=CARTESIAN_POINT('Origin',(-0.00500000000000028,0.42,-0.07));
#4173=CARTESIAN_POINT('',(-0.00500000000000032,0.49,-0.07));
#4174=CARTESIAN_POINT('Origin',(-0.00500000000000032,0.49,-0.07));
#4175=CARTESIAN_POINT('',(-0.00500000000000032,0.49,-0.045));
#4176=CARTESIAN_POINT('Origin',(-0.00500000000000032,0.49,-0.045));
#4177=CARTESIAN_POINT('Origin',(-0.00500000000000023,0.347065722591368,
0.0699999999999999));
#4178=CARTESIAN_POINT('Origin',(0.249,-0.347065722591368,0.105));
#4179=CARTESIAN_POINT('',(0.172,-0.315,0.105));
#4180=CARTESIAN_POINT('',(0.326,-0.315,0.105));
#4181=CARTESIAN_POINT('',(0.341,-0.315,0.105));
#4182=CARTESIAN_POINT('',(0.172,-0.347065722591368,0.105));
#4183=CARTESIAN_POINT('',(0.172,-0.347065722591368,0.105));
#4184=CARTESIAN_POINT('',(0.326,-0.347065722591368,0.105));
#4185=CARTESIAN_POINT('',(0.249,-0.347065722591368,0.105));
#4186=CARTESIAN_POINT('',(0.326,-0.347065722591368,0.105));
#4187=CARTESIAN_POINT('Origin',(0.172,-0.268698656607096,0.0509468557345402));
#4188=CARTESIAN_POINT('',(0.172,-0.315,0.08));
#4189=CARTESIAN_POINT('',(0.172,-0.315,0.0254734278672701));
#4190=CARTESIAN_POINT('',(0.172,-0.347065722591368,0.08));
#4191=CARTESIAN_POINT('',(0.172,-2.26759339387389E-16,0.0800000000000001));
#4192=CARTESIAN_POINT('',(0.172,-0.356761230422405,0.0724489034072997));
#4193=CARTESIAN_POINT('Origin',(0.172,-0.347065722591368,0.0699999999999999));
#4194=CARTESIAN_POINT('',(0.172,-0.378719012369468,-0.0144846384324359));
#4195=CARTESIAN_POINT('',(0.172,-0.356761230422405,0.0724489034072997));
#4196=CARTESIAN_POINT('',(0.172,-0.402957781947063,-0.00836237991418637));
#4197=CARTESIAN_POINT('',(0.172,-0.346895068316029,-0.0225227697386373));
#4198=CARTESIAN_POINT('',(0.172,-0.381,0.0785711619255492));
#4199=CARTESIAN_POINT('',(0.172,-0.410304492168962,-0.0374489034072998));
#4200=CARTESIAN_POINT('Origin',(0.172,-0.347065722591368,0.0699999999999999));
#4201=CARTESIAN_POINT('Origin',(0.326,-0.402957781947063,-0.00836237991418635));
#4202=CARTESIAN_POINT('',(0.274,-0.410304492168962,-0.0374489034072998));
#4203=CARTESIAN_POINT('',(0.326,-0.402957781947063,-0.00836237991418635));
#4204=CARTESIAN_POINT('',(0.290621531631521,-0.407956154162406,-0.0281515462863046));
#4205=CARTESIAN_POINT('',(0.274,-0.386065722591368,-0.0435711619255493));
#4206=CARTESIAN_POINT('',(0.274,-0.410304492168962,-0.0374489034072998));
#4207=CARTESIAN_POINT('',(0.326,-0.378719012369468,-0.0144846384324359));
#4208=CARTESIAN_POINT('',(0.3165198976614,-0.380058388614769,-0.0197873926514514));
#4209=CARTESIAN_POINT('',(0.326,-0.346895068316029,-0.0225227697386373));
#4210=CARTESIAN_POINT('Origin',(0.274,-0.410304492168962,-0.0374489034072998));
#4211=CARTESIAN_POINT('',(0.274,-0.42,-0.045));
#4212=CARTESIAN_POINT('Origin',(0.274,-0.42,-0.035));
#4213=CARTESIAN_POINT('',(0.274,-0.49,-0.045));
#4214=CARTESIAN_POINT('',(0.274,-0.450152246084481,-0.045));
#4215=CARTESIAN_POINT('',(0.274,-0.49,-0.07));
#4216=CARTESIAN_POINT('',(0.274,-0.49,-0.0537244517036498));
#4217=CARTESIAN_POINT('',(0.274,-0.42,-0.07));
#4218=CARTESIAN_POINT('',(0.274,-0.415152246084481,-0.07));
#4219=CARTESIAN_POINT('Origin',(0.274,-0.42,-0.035));
#4220=CARTESIAN_POINT('Origin',(0.224,-0.422812658454787,-0.0869702621569515));
#4221=CARTESIAN_POINT('',(0.224,-0.410304492168962,-0.0374489034072998));
#4222=CARTESIAN_POINT('',(0.224,-0.42,-0.045));
#4223=CARTESIAN_POINT('Origin',(0.224,-0.42,-0.035));
#4224=CARTESIAN_POINT('',(0.224,-0.386065722591368,-0.0435711619255493));
#4225=CARTESIAN_POINT('',(0.224,-0.410304492168962,-0.0374489034072998));
#4226=CARTESIAN_POINT('',(0.224,-0.42,-0.07));
#4227=CARTESIAN_POINT('Origin',(0.224,-0.42,-0.035));
#4228=CARTESIAN_POINT('',(0.224,-0.49,-0.07));
#4229=CARTESIAN_POINT('',(0.224,-0.421406329227394,-0.07));
#4230=CARTESIAN_POINT('',(0.224,-0.49,-0.045));
#4231=CARTESIAN_POINT('',(0.224,-0.49,-0.0784851310784757));
#4232=CARTESIAN_POINT('',(0.224,-0.456406329227394,-0.045));
#4233=CARTESIAN_POINT('Origin',(0.224,-0.410304492168962,-0.0374489034072998));
#4234=CARTESIAN_POINT('',(0.23337846836848,-0.411629509273356,-0.0426948080328613));
#4235=CARTESIAN_POINT('',(0.2074801023386,-0.383731743725719,-0.0343306543980082));
#4236=CARTESIAN_POINT('Origin',(0.326,-0.268698656607096,0.0509468557345402));
#4237=CARTESIAN_POINT('',(0.326,-0.315,0.08));
#4238=CARTESIAN_POINT('',(0.326,-0.315,0.0254734278672701));
#4239=CARTESIAN_POINT('',(0.326,-0.381,0.0785711619255492));
#4240=CARTESIAN_POINT('Origin',(0.326,-0.347065722591368,0.0699999999999999));
#4241=CARTESIAN_POINT('',(0.326,-0.410304492168962,-0.0374489034072998));
#4242=CARTESIAN_POINT('',(0.326,-0.356761230422405,0.0724489034072997));
#4243=CARTESIAN_POINT('',(0.326,-0.356761230422405,0.0724489034072997));
#4244=CARTESIAN_POINT('',(0.326,-0.347065722591368,0.08));
#4245=CARTESIAN_POINT('Origin',(0.326,-0.347065722591368,0.0699999999999999));
#4246=CARTESIAN_POINT('',(0.326,-2.17329870462674E-16,0.0800000000000001));
#4247=CARTESIAN_POINT('Origin',(0.249,-0.42,-0.035));
#4248=CARTESIAN_POINT('',(0.249,-0.410304492168962,-0.0374489034072998));
#4249=CARTESIAN_POINT('',(0.249,-0.42,-0.045));
#4250=CARTESIAN_POINT('Origin',(0.249,-0.410304492168962,-0.0374489034072998));
#4251=CARTESIAN_POINT('',(0.249,-0.381,0.0785711619255492));
#4252=CARTESIAN_POINT('Origin',(0.249,-0.356761230422405,0.0724489034072997));
#4253=CARTESIAN_POINT('',(0.249,-0.386065722591368,-0.0435711619255493));
#4254=CARTESIAN_POINT('',(0.249,-0.356761230422405,0.0724489034072997));
#4255=CARTESIAN_POINT('Origin',(0.249,-2.22044604925031E-16,0.0800000000000001));
#4256=CARTESIAN_POINT('',(0.433,-0.315,0.0800000000000001));
#4257=CARTESIAN_POINT('',(0.249,-0.347065722591368,0.08));
#4258=CARTESIAN_POINT('Origin',(0.249,-0.347065722591368,0.0699999999999999));
#4259=CARTESIAN_POINT('Origin',(0.249,-0.42,-0.035));
#4260=CARTESIAN_POINT('',(0.249,-0.42,-0.07));
#4261=CARTESIAN_POINT('Origin',(0.249,-0.42,-0.07));
#4262=CARTESIAN_POINT('',(0.249,-0.49,-0.07));
#4263=CARTESIAN_POINT('Origin',(0.249,-0.49,-0.07));
#4264=CARTESIAN_POINT('',(0.249,-0.49,-0.045));
#4265=CARTESIAN_POINT('Origin',(0.249,-0.49,-0.045));
#4266=CARTESIAN_POINT('Origin',(0.249,-0.347065722591368,0.0699999999999999));
#4267=CARTESIAN_POINT('Origin',(-0.00499999999999998,-0.347065722591368,
0.105));
#4268=CARTESIAN_POINT('',(-0.082,-0.315,0.105));
#4269=CARTESIAN_POINT('',(0.072,-0.315,0.105));
#4270=CARTESIAN_POINT('',(0.214,-0.315,0.105));
#4271=CARTESIAN_POINT('',(-0.082,-0.347065722591368,0.105));
#4272=CARTESIAN_POINT('',(-0.082,-0.347065722591368,0.105));
#4273=CARTESIAN_POINT('',(0.072,-0.347065722591368,0.105));
#4274=CARTESIAN_POINT('',(-0.00499999999999998,-0.347065722591368,0.105));
#4275=CARTESIAN_POINT('',(0.072,-0.347065722591368,0.105));
#4276=CARTESIAN_POINT('Origin',(-0.082,-0.268698656607096,0.0509468557345402));
#4277=CARTESIAN_POINT('',(-0.082,-0.315,0.08));
#4278=CARTESIAN_POINT('',(-0.082,-0.315,0.0254734278672701));
#4279=CARTESIAN_POINT('',(-0.082,-0.347065722591368,0.08));
#4280=CARTESIAN_POINT('',(-0.082,-2.26759339387389E-16,0.0800000000000001));
#4281=CARTESIAN_POINT('',(-0.082,-0.356761230422405,0.0724489034072997));
#4282=CARTESIAN_POINT('Origin',(-0.082,-0.347065722591368,0.0699999999999999));
#4283=CARTESIAN_POINT('',(-0.082,-0.378719012369468,-0.0144846384324359));
#4284=CARTESIAN_POINT('',(-0.082,-0.356761230422405,0.0724489034072997));
#4285=CARTESIAN_POINT('',(-0.082,-0.402957781947063,-0.00836237991418637));
#4286=CARTESIAN_POINT('',(-0.082,-0.346895068316029,-0.0225227697386373));
#4287=CARTESIAN_POINT('',(-0.082,-0.381,0.0785711619255492));
#4288=CARTESIAN_POINT('',(-0.082,-0.410304492168962,-0.0374489034072998));
#4289=CARTESIAN_POINT('Origin',(-0.082,-0.347065722591368,0.0699999999999999));
#4290=CARTESIAN_POINT('Origin',(0.072,-0.402957781947063,-0.00836237991418635));
#4291=CARTESIAN_POINT('',(0.02,-0.410304492168962,-0.0374489034072998));
#4292=CARTESIAN_POINT('',(0.072,-0.402957781947063,-0.00836237991418635));
#4293=CARTESIAN_POINT('',(0.0366215316315206,-0.407956154162406,-0.0281515462863046));
#4294=CARTESIAN_POINT('',(0.02,-0.386065722591368,-0.0435711619255493));
#4295=CARTESIAN_POINT('',(0.02,-0.410304492168962,-0.0374489034072998));
#4296=CARTESIAN_POINT('',(0.072,-0.378719012369468,-0.0144846384324359));
#4297=CARTESIAN_POINT('',(0.0625198976614,-0.380058388614769,-0.0197873926514514));
#4298=CARTESIAN_POINT('',(0.072,-0.346895068316029,-0.0225227697386373));
#4299=CARTESIAN_POINT('Origin',(0.02,-0.410304492168962,-0.0374489034072998));
#4300=CARTESIAN_POINT('',(0.02,-0.42,-0.045));
#4301=CARTESIAN_POINT('Origin',(0.02,-0.42,-0.035));
#4302=CARTESIAN_POINT('',(0.02,-0.49,-0.045));
#4303=CARTESIAN_POINT('',(0.02,-0.450152246084481,-0.045));
#4304=CARTESIAN_POINT('',(0.02,-0.49,-0.07));
#4305=CARTESIAN_POINT('',(0.02,-0.49,-0.0537244517036498));
#4306=CARTESIAN_POINT('',(0.02,-0.42,-0.07));
#4307=CARTESIAN_POINT('',(0.02,-0.415152246084481,-0.07));
#4308=CARTESIAN_POINT('Origin',(0.02,-0.42,-0.035));
#4309=CARTESIAN_POINT('Origin',(-0.03,-0.422812658454787,-0.0869702621569515));
#4310=CARTESIAN_POINT('',(-0.03,-0.410304492168962,-0.0374489034072998));
#4311=CARTESIAN_POINT('',(-0.03,-0.42,-0.045));
#4312=CARTESIAN_POINT('Origin',(-0.03,-0.42,-0.035));
#4313=CARTESIAN_POINT('',(-0.03,-0.386065722591368,-0.0435711619255493));
#4314=CARTESIAN_POINT('',(-0.03,-0.410304492168962,-0.0374489034072998));
#4315=CARTESIAN_POINT('',(-0.03,-0.42,-0.07));
#4316=CARTESIAN_POINT('Origin',(-0.03,-0.42,-0.035));
#4317=CARTESIAN_POINT('',(-0.03,-0.49,-0.07));
#4318=CARTESIAN_POINT('',(-0.03,-0.421406329227394,-0.07));
#4319=CARTESIAN_POINT('',(-0.03,-0.49,-0.045));
#4320=CARTESIAN_POINT('',(-0.03,-0.49,-0.0784851310784757));
#4321=CARTESIAN_POINT('',(-0.03,-0.456406329227394,-0.045));
#4322=CARTESIAN_POINT('Origin',(-0.03,-0.410304492168962,-0.0374489034072998));
#4323=CARTESIAN_POINT('',(-0.0206215316315205,-0.411629509273356,-0.0426948080328613));
#4324=CARTESIAN_POINT('',(-0.0465198976614,-0.383731743725719,-0.0343306543980082));
#4325=CARTESIAN_POINT('Origin',(0.072,-0.268698656607096,0.0509468557345402));
#4326=CARTESIAN_POINT('',(0.072,-0.315,0.08));
#4327=CARTESIAN_POINT('',(0.072,-0.315,0.0254734278672701));
#4328=CARTESIAN_POINT('',(0.072,-0.381,0.0785711619255492));
#4329=CARTESIAN_POINT('Origin',(0.072,-0.347065722591368,0.0699999999999999));
#4330=CARTESIAN_POINT('',(0.072,-0.410304492168962,-0.0374489034072998));
#4331=CARTESIAN_POINT('',(0.072,-0.356761230422405,0.0724489034072997));
#4332=CARTESIAN_POINT('',(0.072,-0.356761230422405,0.0724489034072997));
#4333=CARTESIAN_POINT('',(0.072,-0.347065722591368,0.08));
#4334=CARTESIAN_POINT('Origin',(0.072,-0.347065722591368,0.0699999999999999));
#4335=CARTESIAN_POINT('',(0.072,-2.17329870462674E-16,0.0800000000000001));
#4336=CARTESIAN_POINT('Origin',(-0.00499999999999998,-0.42,-0.035));
#4337=CARTESIAN_POINT('',(-0.00499999999999998,-0.410304492168962,-0.0374489034072998));
#4338=CARTESIAN_POINT('',(-0.00499999999999998,-0.42,-0.045));
#4339=CARTESIAN_POINT('Origin',(-0.00499999999999998,-0.410304492168962,
-0.0374489034072998));
#4340=CARTESIAN_POINT('',(-0.00499999999999998,-0.381,0.0785711619255492));
#4341=CARTESIAN_POINT('Origin',(-0.00499999999999998,-0.356761230422405,
0.0724489034072997));
#4342=CARTESIAN_POINT('',(-0.00499999999999998,-0.386065722591368,-0.0435711619255493));
#4343=CARTESIAN_POINT('',(-0.00499999999999998,-0.356761230422405,0.0724489034072997));
#4344=CARTESIAN_POINT('Origin',(-0.005,-2.22044604925031E-16,0.0800000000000001));
#4345=CARTESIAN_POINT('',(0.433,-0.315,0.0800000000000001));
#4346=CARTESIAN_POINT('',(-0.00499999999999998,-0.347065722591368,0.08));
#4347=CARTESIAN_POINT('Origin',(-0.00499999999999998,-0.347065722591368,
0.0699999999999999));
#4348=CARTESIAN_POINT('Origin',(-0.00499999999999998,-0.42,-0.035));
#4349=CARTESIAN_POINT('',(-0.00499999999999998,-0.42,-0.07));
#4350=CARTESIAN_POINT('Origin',(-0.00499999999999998,-0.42,-0.07));
#4351=CARTESIAN_POINT('',(-0.00499999999999997,-0.49,-0.07));
#4352=CARTESIAN_POINT('Origin',(-0.00499999999999997,-0.49,-0.07));
#4353=CARTESIAN_POINT('',(-0.00499999999999997,-0.49,-0.045));
#4354=CARTESIAN_POINT('Origin',(-0.00499999999999997,-0.49,-0.045));
#4355=CARTESIAN_POINT('Origin',(-0.00499999999999998,-0.347065722591368,
0.0699999999999999));
#4356=CARTESIAN_POINT('Origin',(-2.77555756156289E-17,1.03520066175549E-16,
0.));
#4357=CARTESIAN_POINT('',(-0.433,0.285,0.));
#4358=CARTESIAN_POINT('',(0.433,0.285,0.));
#4359=CARTESIAN_POINT('',(0.2165,0.285,0.));
#4360=CARTESIAN_POINT('',(0.433,-0.285,0.));
#4361=CARTESIAN_POINT('',(0.433,0.315,0.));
#4362=CARTESIAN_POINT('',(-0.433,-0.285,0.));
#4363=CARTESIAN_POINT('',(0.2165,-0.285,6.93889390390723E-18));
#4364=CARTESIAN_POINT('',(-0.433,-0.315,0.));
#4365=CARTESIAN_POINT('Origin',(-0.433,-0.315,0.));
#4366=CARTESIAN_POINT('',(-0.433,0.315,0.08));
#4367=CARTESIAN_POINT('',(-0.433,0.263013698630137,-0.0586301369863014));
#4368=CARTESIAN_POINT('',(-0.433,-0.315,0.0800000000000003));
#4369=CARTESIAN_POINT('',(-0.433,-0.286849315068493,0.00493150684931505));
#4370=CARTESIAN_POINT('',(-0.433,-0.315,0.305));
#4371=CARTESIAN_POINT('',(-0.433,-0.315,0.));
#4372=CARTESIAN_POINT('',(-0.433,0.315,0.305));
#4373=CARTESIAN_POINT('',(-0.433,-0.315,0.305));
#4374=CARTESIAN_POINT('',(-0.433,0.315,0.));
#4375=CARTESIAN_POINT('Origin',(0.433,0.315,0.));
#4376=CARTESIAN_POINT('',(0.433,0.315,0.08));
#4377=CARTESIAN_POINT('',(0.433,0.301849315068493,0.0449315068493151));
#4378=CARTESIAN_POINT('',(0.433,0.315,0.305));
#4379=CARTESIAN_POINT('',(0.433,0.315,0.));
#4380=CARTESIAN_POINT('',(0.433,-0.315,0.305));
#4381=CARTESIAN_POINT('',(0.433,0.315,0.305));
#4382=CARTESIAN_POINT('',(0.433,-0.315,0.08));
#4383=CARTESIAN_POINT('',(0.433,-0.315,0.));
#4384=CARTESIAN_POINT('',(0.433,-0.248013698630138,-0.0986301369863008));
#4385=CARTESIAN_POINT('Origin',(0.433,-0.315,0.));
#4386=CARTESIAN_POINT('',(0.433,-0.315,0.0800000000000001));
#4387=CARTESIAN_POINT('',(0.433,-0.315,0.305));
#4388=CARTESIAN_POINT('',(-0.336,-0.315,0.08));
#4389=CARTESIAN_POINT('',(0.433,-0.315,0.0800000000000001));
#4390=CARTESIAN_POINT('',(-0.336,-0.315,0.105));
#4391=CARTESIAN_POINT('',(-0.336,-0.315,0.0254734278672701));
#4392=CARTESIAN_POINT('',(-0.182,-0.315,0.105));
#4393=CARTESIAN_POINT('',(0.087,-0.315,0.105));
#4394=CARTESIAN_POINT('',(-0.182,-0.315,0.08));
#4395=CARTESIAN_POINT('',(-0.182,-0.315,0.0254734278672701));
#4396=CARTESIAN_POINT('',(0.433,-0.315,0.0800000000000001));
#4397=CARTESIAN_POINT('',(0.433,-0.315,0.0800000000000001));
#4398=CARTESIAN_POINT('Origin',(-0.433,0.315,0.));
#4399=CARTESIAN_POINT('',(-8.32667268468867E-17,0.315,0.08));
#4400=CARTESIAN_POINT('',(-0.182,0.315,0.08));
#4401=CARTESIAN_POINT('',(-8.32667268468867E-17,0.315,0.08));
#4402=CARTESIAN_POINT('',(-0.182,0.315,0.105));
#4403=CARTESIAN_POINT('',(-0.182,0.315,0.0254734278672701));
#4404=CARTESIAN_POINT('',(-0.336,0.315,0.105));
#4405=CARTESIAN_POINT('',(-0.346,0.315,0.105));
#4406=CARTESIAN_POINT('',(-0.336,0.315,0.08));
#4407=CARTESIAN_POINT('',(-0.336,0.315,0.0254734278672701));
#4408=CARTESIAN_POINT('',(-8.32667268468867E-17,0.315,0.08));
#4409=CARTESIAN_POINT('',(-0.433,0.315,0.305));
#4410=CARTESIAN_POINT('',(-8.32667268468867E-17,0.315,0.08));
#4411=CARTESIAN_POINT('Origin',(0.433,-0.285,0.));
#4412=CARTESIAN_POINT('',(0.433,-0.315,0.0800000000000001));
#4413=CARTESIAN_POINT('Origin',(0.433,0.315,0.08));
#4414=CARTESIAN_POINT('',(-8.32667268468867E-17,0.315,0.08));
#4415=CARTESIAN_POINT('Origin',(-2.77555756156289E-17,9.70163289627476E-17,
0.305));
#4416=CARTESIAN_POINT('',(0.429,0.3,0.305));
#4417=CARTESIAN_POINT('',(0.429,-0.3,0.305));
#4418=CARTESIAN_POINT('',(0.429,-0.15,0.305));
#4419=CARTESIAN_POINT('',(-0.429,-0.3,0.305));
#4420=CARTESIAN_POINT('',(-0.2145,-0.3,0.305));
#4421=CARTESIAN_POINT('',(-0.429,0.3,0.305));
#4422=CARTESIAN_POINT('',(-0.429,0.15,0.305));
#4423=CARTESIAN_POINT('',(0.2145,0.3,0.305));
#4424=CARTESIAN_POINT('Origin',(-0.259,-0.347065722591368,0.0699999999999999));
#4425=CARTESIAN_POINT('',(-0.182,-0.381,0.0785711619255492));
#4426=CARTESIAN_POINT('',(-0.182,-0.347065722591368,0.105));
#4427=CARTESIAN_POINT('Origin',(-0.182,-0.347065722591368,0.0699999999999999));
#4428=CARTESIAN_POINT('',(-0.336,-0.347065722591368,0.105));
#4429=CARTESIAN_POINT('',(-0.259,-0.347065722591368,0.105));
#4430=CARTESIAN_POINT('',(-0.336,-0.381,0.0785711619255492));
#4431=CARTESIAN_POINT('Origin',(-0.336,-0.347065722591368,0.0699999999999999));
#4432=CARTESIAN_POINT('',(-0.259,-0.381,0.0785711619255492));
#4433=CARTESIAN_POINT('Origin',(-0.259,-0.49,-0.045));
#4434=CARTESIAN_POINT('',(-0.234,-0.49,-0.045));
#4435=CARTESIAN_POINT('',(-0.234,-0.42,-0.045));
#4436=CARTESIAN_POINT('',(-0.234,-0.450152246084481,-0.045));
#4437=CARTESIAN_POINT('',(-0.284,-0.42,-0.045));
#4438=CARTESIAN_POINT('',(-0.259,-0.42,-0.045));
#4439=CARTESIAN_POINT('',(-0.284,-0.49,-0.045));
#4440=CARTESIAN_POINT('',(-0.284,-0.456406329227394,-0.045));
#4441=CARTESIAN_POINT('',(-0.259,-0.49,-0.045));
#4442=CARTESIAN_POINT('Origin',(-0.259,-0.49,-0.07));
#4443=CARTESIAN_POINT('',(-0.234,-0.49,-0.07));
#4444=CARTESIAN_POINT('',(-0.234,-0.49,-0.0537244517036498));
#4445=CARTESIAN_POINT('',(-0.284,-0.49,-0.07));
#4446=CARTESIAN_POINT('',(-0.284,-0.49,-0.0784851310784757));
#4447=CARTESIAN_POINT('',(-0.259,-0.49,-0.07));
#4448=CARTESIAN_POINT('Origin',(-0.259,-0.42,-0.07));
#4449=CARTESIAN_POINT('',(-0.234,-0.42,-0.07));
#4450=CARTESIAN_POINT('',(-0.234,-0.415152246084481,-0.07));
#4451=CARTESIAN_POINT('',(-0.284,-0.42,-0.07));
#4452=CARTESIAN_POINT('',(-0.284,-0.421406329227394,-0.07));
#4453=CARTESIAN_POINT('',(-0.259,-0.42,-0.07));
#4454=CARTESIAN_POINT('Origin',(-0.259,-0.42,-0.035));
#4455=CARTESIAN_POINT('',(-0.234,-0.386065722591368,-0.0435711619255493));
#4456=CARTESIAN_POINT('Origin',(-0.234,-0.42,-0.035));
#4457=CARTESIAN_POINT('',(-0.284,-0.386065722591368,-0.0435711619255493));
#4458=CARTESIAN_POINT('Origin',(-0.284,-0.42,-0.035));
#4459=CARTESIAN_POINT('',(-0.259,-0.386065722591368,-0.0435711619255493));
#4460=CARTESIAN_POINT('Origin',(-0.259,-0.347065722591368,0.0699999999999999));
#4461=CARTESIAN_POINT('',(-0.182,-0.347065722591368,0.08));
#4462=CARTESIAN_POINT('',(-0.182,-0.356761230422405,0.0724489034072997));
#4463=CARTESIAN_POINT('Origin',(-0.182,-0.347065722591368,0.0699999999999999));
#4464=CARTESIAN_POINT('',(-0.336,-0.356761230422405,0.0724489034072997));
#4465=CARTESIAN_POINT('',(-0.259,-0.356761230422405,0.0724489034072997));
#4466=CARTESIAN_POINT('',(-0.336,-0.347065722591368,0.08));
#4467=CARTESIAN_POINT('Origin',(-0.336,-0.347065722591368,0.0699999999999999));
#4468=CARTESIAN_POINT('',(-0.259,-0.347065722591368,0.08));
#4469=CARTESIAN_POINT('Origin',(-0.259,-2.22044604925031E-16,0.0800000000000001));
#4470=CARTESIAN_POINT('',(-0.182,-2.17329870462674E-16,0.0800000000000001));
#4471=CARTESIAN_POINT('',(-0.336,-2.26759339387389E-16,0.0800000000000001));
#4472=CARTESIAN_POINT('Origin',(-0.259,-0.356761230422405,0.0724489034072997));
#4473=CARTESIAN_POINT('',(-0.182,-0.378719012369468,-0.0144846384324359));
#4474=CARTESIAN_POINT('',(-0.1914801023386,-0.380058388614769,-0.0197873926514514));
#4475=CARTESIAN_POINT('',(-0.336,-0.378719012369468,-0.0144846384324359));
#4476=CARTESIAN_POINT('',(-0.3005198976614,-0.383731743725719,-0.0343306543980082));
#4477=CARTESIAN_POINT('',(-0.336,-0.356761230422405,0.0724489034072997));
#4478=CARTESIAN_POINT('',(-0.182,-0.356761230422405,0.0724489034072997));
#4479=CARTESIAN_POINT('Origin',(-0.259,-0.410304492168962,-0.0374489034072998));
#4480=CARTESIAN_POINT('',(-0.234,-0.410304492168962,-0.0374489034072998));
#4481=CARTESIAN_POINT('',(-0.182,-0.402957781947063,-0.00836237991418635));
#4482=CARTESIAN_POINT('',(-0.217378468368479,-0.407956154162406,-0.0281515462863046));
#4483=CARTESIAN_POINT('',(-0.182,-0.410304492168962,-0.0374489034072998));
#4484=CARTESIAN_POINT('',(-0.336,-0.402957781947063,-0.00836237991418637));
#4485=CARTESIAN_POINT('',(-0.336,-0.410304492168962,-0.0374489034072998));
#4486=CARTESIAN_POINT('',(-0.284,-0.410304492168962,-0.0374489034072998));
#4487=CARTESIAN_POINT('',(-0.274621531631521,-0.411629509273356,-0.0426948080328613));
#4488=CARTESIAN_POINT('',(-0.259,-0.410304492168962,-0.0374489034072998));
#4489=CARTESIAN_POINT('Origin',(-0.259,-0.42,-0.035));
#4490=CARTESIAN_POINT('Origin',(-0.234,-0.42,-0.035));
#4491=CARTESIAN_POINT('Origin',(-0.284,-0.42,-0.035));
#4492=CARTESIAN_POINT('Origin',(-0.182,-0.268698656607096,0.0509468557345402));
#4493=CARTESIAN_POINT('',(-0.182,-0.347065722591368,0.105));
#4494=CARTESIAN_POINT('',(-0.182,-0.346895068316029,-0.0225227697386373));
#4495=CARTESIAN_POINT('Origin',(-0.284,-0.410304492168962,-0.0374489034072998));
#4496=CARTESIAN_POINT('',(-0.336,-0.346895068316029,-0.0225227697386373));
#4497=CARTESIAN_POINT('',(-0.284,-0.410304492168962,-0.0374489034072998));
#4498=CARTESIAN_POINT('Origin',(-0.284,-0.422812658454787,-0.0869702621569515));
#4499=CARTESIAN_POINT('Origin',(-0.234,-0.410304492168962,-0.0374489034072998));
#4500=CARTESIAN_POINT('',(-0.234,-0.410304492168962,-0.0374489034072998));
#4501=CARTESIAN_POINT('Origin',(-0.182,-0.402957781947063,-0.00836237991418635));
#4502=CARTESIAN_POINT('Origin',(-0.336,-0.268698656607096,0.0509468557345402));
#4503=CARTESIAN_POINT('',(-0.336,-0.347065722591368,0.105));
#4504=CARTESIAN_POINT('Origin',(-0.259,-0.347065722591368,0.105));
#4505=CARTESIAN_POINT('Origin',(-0.259,0.347065722591368,0.0699999999999999));
#4506=CARTESIAN_POINT('',(-0.336,0.381,0.0785711619255492));
#4507=CARTESIAN_POINT('',(-0.336,0.347065722591367,0.105));
#4508=CARTESIAN_POINT('Origin',(-0.336,0.347065722591367,0.0699999999999999));
#4509=CARTESIAN_POINT('',(-0.182,0.347065722591368,0.105));
#4510=CARTESIAN_POINT('',(-0.259,0.347065722591368,0.105));
#4511=CARTESIAN_POINT('',(-0.182,0.381,0.0785711619255492));
#4512=CARTESIAN_POINT('Origin',(-0.182,0.347065722591368,0.0699999999999999));
#4513=CARTESIAN_POINT('',(-0.259,0.381,0.0785711619255492));
#4514=CARTESIAN_POINT('Origin',(-0.259,0.49,-0.045));
#4515=CARTESIAN_POINT('',(-0.284,0.49,-0.045));
#4516=CARTESIAN_POINT('',(-0.284,0.42,-0.045));
#4517=CARTESIAN_POINT('',(-0.284,0.450152246084481,-0.045));
#4518=CARTESIAN_POINT('',(-0.234,0.42,-0.045));
#4519=CARTESIAN_POINT('',(-0.259,0.42,-0.045));
#4520=CARTESIAN_POINT('',(-0.234,0.49,-0.045));
#4521=CARTESIAN_POINT('',(-0.234,0.456406329227393,-0.045));
#4522=CARTESIAN_POINT('',(-0.259,0.49,-0.045));
#4523=CARTESIAN_POINT('Origin',(-0.259,0.49,-0.07));
#4524=CARTESIAN_POINT('',(-0.284,0.49,-0.07));
#4525=CARTESIAN_POINT('',(-0.284,0.49,-0.0537244517036498));
#4526=CARTESIAN_POINT('',(-0.234,0.49,-0.07));
#4527=CARTESIAN_POINT('',(-0.234,0.49,-0.0784851310784757));
#4528=CARTESIAN_POINT('',(-0.259,0.49,-0.07));
#4529=CARTESIAN_POINT('Origin',(-0.259,0.42,-0.07));
#4530=CARTESIAN_POINT('',(-0.284,0.42,-0.07));
#4531=CARTESIAN_POINT('',(-0.284,0.415152246084481,-0.07));
#4532=CARTESIAN_POINT('',(-0.234,0.42,-0.07));
#4533=CARTESIAN_POINT('',(-0.234,0.421406329227393,-0.07));
#4534=CARTESIAN_POINT('',(-0.259,0.42,-0.07));
#4535=CARTESIAN_POINT('Origin',(-0.259,0.42,-0.035));
#4536=CARTESIAN_POINT('',(-0.284,0.386065722591368,-0.0435711619255493));
#4537=CARTESIAN_POINT('Origin',(-0.284,0.42,-0.035));
#4538=CARTESIAN_POINT('',(-0.234,0.386065722591368,-0.0435711619255493));
#4539=CARTESIAN_POINT('Origin',(-0.234,0.42,-0.035));
#4540=CARTESIAN_POINT('',(-0.259,0.386065722591368,-0.0435711619255493));
#4541=CARTESIAN_POINT('Origin',(-0.259,0.347065722591367,0.0699999999999999));
#4542=CARTESIAN_POINT('',(-0.336,0.347065722591367,0.08));
#4543=CARTESIAN_POINT('',(-0.336,0.356761230422405,0.0724489034072997));
#4544=CARTESIAN_POINT('Origin',(-0.336,0.347065722591367,0.0699999999999999));
#4545=CARTESIAN_POINT('',(-0.182,0.356761230422405,0.0724489034072997));
#4546=CARTESIAN_POINT('',(-0.259,0.356761230422405,0.0724489034072997));
#4547=CARTESIAN_POINT('',(-0.182,0.347065722591367,0.08));
#4548=CARTESIAN_POINT('Origin',(-0.182,0.347065722591367,0.0699999999999999));
#4549=CARTESIAN_POINT('',(-0.259,0.347065722591367,0.08));
#4550=CARTESIAN_POINT('Origin',(-0.259,5.28988617615514E-17,0.0800000000000001));
#4551=CARTESIAN_POINT('',(-0.336,2.61228946970607E-18,0.0800000000000001));
#4552=CARTESIAN_POINT('',(-0.182,1.03185434053397E-16,0.0800000000000001));
#4553=CARTESIAN_POINT('Origin',(-0.259,0.356761230422405,0.0724489034072997));
#4554=CARTESIAN_POINT('',(-0.336,0.378719012369468,-0.0144846384324359));
#4555=CARTESIAN_POINT('',(-0.3265198976614,0.380058388614769,-0.0197873926514514));
#4556=CARTESIAN_POINT('',(-0.182,0.378719012369468,-0.0144846384324359));
#4557=CARTESIAN_POINT('',(-0.2174801023386,0.383731743725719,-0.0343306543980082));
#4558=CARTESIAN_POINT('',(-0.182,0.356761230422405,0.0724489034072997));
#4559=CARTESIAN_POINT('',(-0.336,0.356761230422405,0.0724489034072997));
#4560=CARTESIAN_POINT('Origin',(-0.259,0.410304492168962,-0.0374489034072998));
#4561=CARTESIAN_POINT('',(-0.284,0.410304492168962,-0.0374489034072998));
#4562=CARTESIAN_POINT('',(-0.336,0.402957781947063,-0.00836237991418635));
#4563=CARTESIAN_POINT('',(-0.300621531631521,0.407956154162406,-0.0281515462863046));
#4564=CARTESIAN_POINT('',(-0.336,0.410304492168962,-0.0374489034072998));
#4565=CARTESIAN_POINT('',(-0.182,0.402957781947063,-0.00836237991418637));
#4566=CARTESIAN_POINT('',(-0.182,0.410304492168962,-0.0374489034072998));
#4567=CARTESIAN_POINT('',(-0.234,0.410304492168962,-0.0374489034072998));
#4568=CARTESIAN_POINT('',(-0.24337846836848,0.411629509273356,-0.0426948080328613));
#4569=CARTESIAN_POINT('',(-0.259,0.410304492168962,-0.0374489034072998));
#4570=CARTESIAN_POINT('Origin',(-0.259,0.42,-0.035));
#4571=CARTESIAN_POINT('Origin',(-0.284,0.42,-0.035));
#4572=CARTESIAN_POINT('Origin',(-0.234,0.42,-0.035));
#4573=CARTESIAN_POINT('Origin',(-0.336,0.268698656607095,0.0509468557345402));
#4574=CARTESIAN_POINT('',(-0.336,0.347065722591367,0.105));
#4575=CARTESIAN_POINT('',(-0.336,0.346895068316028,-0.0225227697386373));
#4576=CARTESIAN_POINT('Origin',(-0.234,0.410304492168962,-0.0374489034072998));
#4577=CARTESIAN_POINT('',(-0.182,0.346895068316029,-0.0225227697386373));
#4578=CARTESIAN_POINT('',(-0.234,0.410304492168962,-0.0374489034072998));
#4579=CARTESIAN_POINT('Origin',(-0.234,0.422812658454787,-0.0869702621569515));
#4580=CARTESIAN_POINT('Origin',(-0.284,0.410304492168962,-0.0374489034072998));
#4581=CARTESIAN_POINT('',(-0.284,0.410304492168962,-0.0374489034072998));
#4582=CARTESIAN_POINT('Origin',(-0.336,0.402957781947063,-0.00836237991418635));
#4583=CARTESIAN_POINT('Origin',(-0.182,0.268698656607096,0.0509468557345402));
#4584=CARTESIAN_POINT('',(-0.182,0.347065722591368,0.105));
#4585=CARTESIAN_POINT('Origin',(-0.259,0.347065722591368,0.105));
#4586=CARTESIAN_POINT('Origin',(-1.52655665885959E-16,-4.57868352701518E-17,
0.313));
#4587=CARTESIAN_POINT('',(-0.429,-0.3,0.313));
#4588=CARTESIAN_POINT('',(0.429,-0.3,0.313));
#4589=CARTESIAN_POINT('',(-0.429,-0.3,0.313));
#4590=CARTESIAN_POINT('',(0.429,0.3,0.313));
#4591=CARTESIAN_POINT('',(0.429,-0.3,0.313));
#4592=CARTESIAN_POINT('',(-0.429,0.3,0.313));
#4593=CARTESIAN_POINT('',(0.429,0.3,0.313));
#4594=CARTESIAN_POINT('',(-0.429,0.3,0.313));
#4595=CARTESIAN_POINT('Origin',(-0.429,-0.3,0.313));
#4596=CARTESIAN_POINT('',(0.429,-0.3,0.313));
#4597=CARTESIAN_POINT('',(-0.429,-0.3,0.313));
#4598=CARTESIAN_POINT('Origin',(-0.429,0.3,0.313));
#4599=CARTESIAN_POINT('',(-0.429,0.3,0.313));
#4600=CARTESIAN_POINT('Origin',(0.429,0.3,0.313));
#4601=CARTESIAN_POINT('',(0.429,0.3,0.313));
#4602=CARTESIAN_POINT('Origin',(0.429,-0.3,0.313));
#4603=CARTESIAN_POINT('Origin',(0.0500000000000001,-0.1,0.275));
#4604=CARTESIAN_POINT('',(0.0500000000000001,-0.1,0.295));
#4605=CARTESIAN_POINT('',(-0.0599999999999999,-0.1,0.295));
#4606=CARTESIAN_POINT('',(-0.035,-0.1,0.295));
#4607=CARTESIAN_POINT('',(0.0500000000000001,-0.1,0.305));
#4608=CARTESIAN_POINT('',(0.0500000000000001,-0.1,0.275));
#4609=CARTESIAN_POINT('',(-0.0599999999999999,-0.1,0.305));
#4610=CARTESIAN_POINT('',(0.025,-0.1,0.305));
#4611=CARTESIAN_POINT('',(-0.0599999999999999,-0.1,0.275));
#4612=CARTESIAN_POINT('Origin',(0.05,-2.15105711021124E-16,0.275));
#4613=CARTESIAN_POINT('',(0.05,-2.15105711021124E-16,0.305));
#4614=CARTESIAN_POINT('',(0.05,-1.0719851244364E-16,0.305));
#4615=CARTESIAN_POINT('',(0.0500000000000001,-0.1,0.275));
#4616=CARTESIAN_POINT('',(0.0500000000000001,-0.1,0.29));
#4617=CARTESIAN_POINT('',(0.05,-2.15105711021124E-16,0.275));
#4618=CARTESIAN_POINT('',(0.05,-1.74036141832577E-17,0.275));
#4619=CARTESIAN_POINT('',(0.05,-2.15105711021124E-16,0.275));
#4620=CARTESIAN_POINT('Origin',(-0.0599999999999999,-0.1,0.275));
#4621=CARTESIAN_POINT('',(-0.06,-3.12250225675825E-16,0.305));
#4622=CARTESIAN_POINT('',(-0.06,-0.0500000000000002,0.305));
#4623=CARTESIAN_POINT('',(-0.06,-3.12250225675825E-16,0.275));
#4624=CARTESIAN_POINT('',(-0.06,-3.12250225675825E-16,0.275));
#4625=CARTESIAN_POINT('',(-0.0599999999999999,-0.1,0.275));
#4626=CARTESIAN_POINT('',(-0.06,-0.0500000000000001,0.275));
#4627=CARTESIAN_POINT('',(-0.0599999999999999,-0.1,0.29));
#4628=CARTESIAN_POINT('Origin',(-0.06,-3.12250225675825E-16,0.275));
#4629=CARTESIAN_POINT('',(-0.0300000000000001,-2.87270207621759E-16,0.305));
#4630=CARTESIAN_POINT('',(-0.0325000000000001,-2.89351875792931E-16,0.275));
#4631=CARTESIAN_POINT('Origin',(-0.00500000000000012,1.26868999594523E-16,
0.275));
#4632=CARTESIAN_POINT('',(0.0549999999999999,-0.1,0.275));
#4633=CARTESIAN_POINT('',(-0.065,-0.1,0.275));
#4634=CARTESIAN_POINT('',(0.0549999999999998,0.1,0.275));
#4635=CARTESIAN_POINT('',(0.0549999999999999,-0.1,0.275));
#4636=CARTESIAN_POINT('',(-0.0650000000000002,0.1,0.275));
#4637=CARTESIAN_POINT('',(0.0549999999999998,0.1,0.275));
#4638=CARTESIAN_POINT('',(-0.065,-0.1,0.275));
#4639=CARTESIAN_POINT('',(-0.0650000000000002,0.1,0.275));
#4640=CARTESIAN_POINT('',(-0.065,-0.1,0.275));
#4641=CARTESIAN_POINT('Origin',(-0.065,-0.1,0.305));
#4642=CARTESIAN_POINT('',(0.0549999999999999,-0.1,0.295));
#4643=CARTESIAN_POINT('',(-0.035,-0.1,0.295));
#4644=CARTESIAN_POINT('',(0.0549999999999999,-0.1,0.305));
#4645=CARTESIAN_POINT('Origin',(-1.52655665885959E-16,-4.7863571193506E-17,
0.305));
#4646=CARTESIAN_POINT('',(-0.0650000000000001,0.125,0.305));
#4647=CARTESIAN_POINT('',(0.0549999999999998,0.125,0.305));
#4648=CARTESIAN_POINT('',(0.0274999999999999,0.125,0.305));
#4649=CARTESIAN_POINT('',(0.0549999999999999,-0.125,0.305));
#4650=CARTESIAN_POINT('',(0.0549999999999999,-0.0499999999999999,0.305));
#4651=CARTESIAN_POINT('',(-0.065,-0.125,0.305));
#4652=CARTESIAN_POINT('',(-0.0325,-0.125,0.305));
#4653=CARTESIAN_POINT('',(-0.0650000000000001,0.0500000000000001,0.305));
#4654=CARTESIAN_POINT('Origin',(-0.065,-0.125,0.305));
#4655=CARTESIAN_POINT('',(-0.065,-0.125,0.295));
#4656=CARTESIAN_POINT('',(0.0549999999999999,-0.125,0.295));
#4657=CARTESIAN_POINT('',(-0.065,-0.125,0.295));
#4658=CARTESIAN_POINT('',(-0.065,-0.125,0.305));
#4659=CARTESIAN_POINT('',(0.0549999999999999,-0.125,0.305));
#4660=CARTESIAN_POINT('Origin',(-0.005,-0.1125,0.295));
#4661=CARTESIAN_POINT('',(0.0549999999999999,-0.125,0.295));
#4662=CARTESIAN_POINT('',(-0.065,-0.1,0.295));
#4663=CARTESIAN_POINT('',(-0.035,-0.1,0.295));
#4664=CARTESIAN_POINT('',(-0.065,-0.1,0.295));
#4665=CARTESIAN_POINT('Origin',(0.0549999999999998,0.125,0.305));
#4666=CARTESIAN_POINT('',(0.0549999999999998,0.125,0.295));
#4667=CARTESIAN_POINT('',(-0.0650000000000001,0.125,0.295));
#4668=CARTESIAN_POINT('',(0.0549999999999998,0.125,0.295));
#4669=CARTESIAN_POINT('',(0.0549999999999998,0.125,0.305));
#4670=CARTESIAN_POINT('',(-0.0650000000000001,0.125,0.305));
#4671=CARTESIAN_POINT('Origin',(-0.00500000000000012,0.1125,0.295));
#4672=CARTESIAN_POINT('',(0.0549999999999998,0.1,0.295));
#4673=CARTESIAN_POINT('',(0.0549999999999998,0.1,0.295));
#4674=CARTESIAN_POINT('',(-0.0650000000000002,0.1,0.295));
#4675=CARTESIAN_POINT('',(-0.0650000000000001,0.125,0.295));
#4676=CARTESIAN_POINT('',(0.0249999999999999,0.1,0.295));
#4677=CARTESIAN_POINT('Origin',(-0.065,-0.1,0.305));
#4678=CARTESIAN_POINT('',(-0.065,-0.1,0.305));
#4679=CARTESIAN_POINT('Origin',(0.0549999999999999,-0.1,0.305));
#4680=CARTESIAN_POINT('',(0.0549999999999998,0.1,0.305));
#4681=CARTESIAN_POINT('Origin',(0.0549999999999998,0.1,0.305));
#4682=CARTESIAN_POINT('',(-0.0650000000000002,0.1,0.305));
#4683=CARTESIAN_POINT('Origin',(-0.0650000000000002,0.1,0.305));
#4684=CARTESIAN_POINT('Origin',(0.304,-0.1,0.275));
#4685=CARTESIAN_POINT('',(0.304,-0.1,0.295));
#4686=CARTESIAN_POINT('',(0.194,-0.1,0.295));
#4687=CARTESIAN_POINT('',(0.219,-0.1,0.295));
#4688=CARTESIAN_POINT('',(0.304,-0.1,0.305));
#4689=CARTESIAN_POINT('',(0.304,-0.1,0.275));
#4690=CARTESIAN_POINT('',(0.194,-0.1,0.305));
#4691=CARTESIAN_POINT('',(0.152,-0.1,0.305));
#4692=CARTESIAN_POINT('',(0.194,-0.1,0.275));
#4693=CARTESIAN_POINT('Origin',(0.304,-2.15105711021124E-16,0.275));
#4694=CARTESIAN_POINT('',(0.304,-2.15105711021124E-16,0.305));
#4695=CARTESIAN_POINT('',(0.304,1.61750211678308E-17,0.305));
#4696=CARTESIAN_POINT('',(0.304,-0.1,0.275));
#4697=CARTESIAN_POINT('',(0.304,-0.1,0.29));
#4698=CARTESIAN_POINT('',(0.304,-2.15105711021124E-16,0.275));
#4699=CARTESIAN_POINT('',(0.304,-1.12205250572938E-18,0.275));
#4700=CARTESIAN_POINT('',(0.304,-2.15105711021124E-16,0.275));
#4701=CARTESIAN_POINT('Origin',(0.194,-0.1,0.275));
#4702=CARTESIAN_POINT('',(0.194,-3.12250225675825E-16,0.305));
#4703=CARTESIAN_POINT('',(0.194,-0.0500000000000001,0.305));
#4704=CARTESIAN_POINT('',(0.194,-3.12250225675825E-16,0.275));
#4705=CARTESIAN_POINT('',(0.194,-3.12250225675825E-16,0.275));
#4706=CARTESIAN_POINT('',(0.194,-0.1,0.275));
#4707=CARTESIAN_POINT('',(0.194,-0.0500000000000001,0.275));
#4708=CARTESIAN_POINT('',(0.194,-0.1,0.29));
#4709=CARTESIAN_POINT('Origin',(0.194,-3.12250225675825E-16,0.275));
#4710=CARTESIAN_POINT('',(0.0969999999999999,-3.93018950717305E-16,0.305));
#4711=CARTESIAN_POINT('',(0.2215,-2.89351875792931E-16,0.275));
#4712=CARTESIAN_POINT('Origin',(0.189,-0.1,0.305));
#4713=CARTESIAN_POINT('',(0.309,-0.1,0.295));
#4714=CARTESIAN_POINT('',(0.219,-0.1,0.295));
#4715=CARTESIAN_POINT('',(0.309,-0.1,0.275));
#4716=CARTESIAN_POINT('',(0.309,-0.1,0.305));
#4717=CARTESIAN_POINT('',(0.189,-0.1,0.275));
#4718=CARTESIAN_POINT('Origin',(0.189,-0.1,0.305));
#4719=CARTESIAN_POINT('',(0.189,-0.1,0.275));
#4720=CARTESIAN_POINT('',(0.189,-0.1,0.275));
#4721=CARTESIAN_POINT('',(0.189,-0.1,0.295));
#4722=CARTESIAN_POINT('',(0.189,-0.1,0.305));
#4723=CARTESIAN_POINT('',(0.219,-0.1,0.295));
#4724=CARTESIAN_POINT('Origin',(0.249,1.5943212294958E-16,0.275));
#4725=CARTESIAN_POINT('',(0.309,0.1,0.275));
#4726=CARTESIAN_POINT('',(0.309,-0.1,0.275));
#4727=CARTESIAN_POINT('',(0.189,0.1,0.275));
#4728=CARTESIAN_POINT('',(0.309,0.1,0.275));
#4729=CARTESIAN_POINT('',(0.189,0.1,0.275));
#4730=CARTESIAN_POINT('Origin',(0.189,0.1,0.305));
#4731=CARTESIAN_POINT('',(0.189,0.1,0.295));
#4732=CARTESIAN_POINT('',(0.189,0.1,0.305));
#4733=CARTESIAN_POINT('',(0.189,0.125,0.295));
#4734=CARTESIAN_POINT('',(0.189,0.125,0.295));
#4735=CARTESIAN_POINT('',(0.189,0.125,0.305));
#4736=CARTESIAN_POINT('',(0.189,0.125,0.305));
#4737=CARTESIAN_POINT('',(0.189,-0.125,0.305));
#4738=CARTESIAN_POINT('',(0.189,0.0500000000000002,0.305));
#4739=CARTESIAN_POINT('',(0.189,-0.125,0.295));
#4740=CARTESIAN_POINT('',(0.189,-0.125,0.305));
#4741=CARTESIAN_POINT('',(0.189,-0.1,0.295));
#4742=CARTESIAN_POINT('Origin',(0.309,0.1,0.305));
#4743=CARTESIAN_POINT('',(0.309,0.1,0.295));
#4744=CARTESIAN_POINT('',(0.279,0.1,0.295));
#4745=CARTESIAN_POINT('',(0.309,0.1,0.305));
#4746=CARTESIAN_POINT('Origin',(0.309,-0.1,0.305));
#4747=CARTESIAN_POINT('',(0.309,-0.125,0.295));
#4748=CARTESIAN_POINT('',(0.309,-0.125,0.295));
#4749=CARTESIAN_POINT('',(0.309,-0.125,0.305));
#4750=CARTESIAN_POINT('',(0.309,-0.125,0.305));
#4751=CARTESIAN_POINT('',(0.309,0.125,0.305));
#4752=CARTESIAN_POINT('',(0.309,-0.0499999999999999,0.305));
#4753=CARTESIAN_POINT('',(0.309,0.125,0.295));
#4754=CARTESIAN_POINT('',(0.309,0.125,0.305));
#4755=CARTESIAN_POINT('',(0.309,0.1,0.295));
#4756=CARTESIAN_POINT('Origin',(0.249,0.1125,0.295));
#4757=CARTESIAN_POINT('',(0.309,0.125,0.295));
#4758=CARTESIAN_POINT('Origin',(0.309,0.125,0.305));
#4759=CARTESIAN_POINT('',(0.1545,0.125,0.305));
#4760=CARTESIAN_POINT('Origin',(0.249,-0.1125,0.295));
#4761=CARTESIAN_POINT('',(0.189,-0.125,0.295));
#4762=CARTESIAN_POINT('Origin',(0.189,-0.125,0.305));
#4763=CARTESIAN_POINT('',(0.0945,-0.125,0.305));
#4764=CARTESIAN_POINT('Origin',(-1.52655665885959E-16,-4.7863571193506E-17,
0.305));
#4765=CARTESIAN_POINT('Origin',(-0.204,-0.1,0.275));
#4766=CARTESIAN_POINT('',(-0.314,-0.1,0.295));
#4767=CARTESIAN_POINT('',(-0.204,-0.1,0.295));
#4768=CARTESIAN_POINT('',(-0.289,-0.1,0.295));
#4769=CARTESIAN_POINT('',(-0.204,-0.1,0.305));
#4770=CARTESIAN_POINT('',(-0.204,-0.1,0.275));
#4771=CARTESIAN_POINT('',(-0.314,-0.1,0.305));
#4772=CARTESIAN_POINT('',(-0.102,-0.1,0.305));
#4773=CARTESIAN_POINT('',(-0.314,-0.1,0.275));
#4774=CARTESIAN_POINT('Origin',(-0.204,-2.15105711021124E-16,0.275));
#4775=CARTESIAN_POINT('',(-0.204,-2.15105711021124E-16,0.305));
#4776=CARTESIAN_POINT('',(-0.204,-2.3057204605511E-16,0.305));
#4777=CARTESIAN_POINT('',(-0.204,-0.1,0.275));
#4778=CARTESIAN_POINT('',(-0.204,-0.1,0.29));
#4779=CARTESIAN_POINT('',(-0.204,-2.15105711021124E-16,0.275));
#4780=CARTESIAN_POINT('',(-0.204,-3.36851758607859E-17,0.275));
#4781=CARTESIAN_POINT('',(-0.204,-2.15105711021124E-16,0.275));
#4782=CARTESIAN_POINT('Origin',(-0.314,-0.1,0.275));
#4783=CARTESIAN_POINT('',(-0.314,-3.12250225675825E-16,0.305));
#4784=CARTESIAN_POINT('',(-0.314,-0.0500000000000003,0.305));
#4785=CARTESIAN_POINT('',(-0.314,-3.12250225675825E-16,0.275));
#4786=CARTESIAN_POINT('',(-0.314,-3.12250225675825E-16,0.275));
#4787=CARTESIAN_POINT('',(-0.314,-0.1,0.275));
#4788=CARTESIAN_POINT('',(-0.314,-0.0500000000000001,0.275));
#4789=CARTESIAN_POINT('',(-0.314,-0.1,0.29));
#4790=CARTESIAN_POINT('Origin',(-0.314,-3.12250225675825E-16,0.275));
#4791=CARTESIAN_POINT('',(-0.157,-1.81521464526213E-16,0.305));
#4792=CARTESIAN_POINT('',(-0.2865,-2.89351875792931E-16,0.275));
#4793=CARTESIAN_POINT('Origin',(-0.259,9.43058762394664E-17,0.275));
#4794=CARTESIAN_POINT('',(-0.199,-0.1,0.275));
#4795=CARTESIAN_POINT('',(-0.319,-0.1,0.275));
#4796=CARTESIAN_POINT('',(-0.199,0.1,0.275));
#4797=CARTESIAN_POINT('',(-0.199,-0.1,0.275));
#4798=CARTESIAN_POINT('',(-0.319,0.1,0.275));
#4799=CARTESIAN_POINT('',(-0.199,0.1,0.275));
#4800=CARTESIAN_POINT('',(-0.319,-0.1,0.275));
#4801=CARTESIAN_POINT('',(-0.319,0.1,0.275));
#4802=CARTESIAN_POINT('',(-0.319,-0.1,0.275));
#4803=CARTESIAN_POINT('Origin',(-0.319,-0.1,0.305));
#4804=CARTESIAN_POINT('',(-0.199,-0.1,0.295));
#4805=CARTESIAN_POINT('',(-0.289,-0.1,0.295));
#4806=CARTESIAN_POINT('',(-0.199,-0.1,0.305));
#4807=CARTESIAN_POINT('Origin',(-1.52655665885959E-16,-4.7863571193506E-17,
0.305));
#4808=CARTESIAN_POINT('',(-0.319,0.125,0.305));
#4809=CARTESIAN_POINT('',(-0.199,0.125,0.305));
#4810=CARTESIAN_POINT('',(-0.0995000000000001,0.125,0.305));
#4811=CARTESIAN_POINT('',(-0.199,-0.125,0.305));
#4812=CARTESIAN_POINT('',(-0.199,-0.05,0.305));
#4813=CARTESIAN_POINT('',(-0.319,-0.125,0.305));
#4814=CARTESIAN_POINT('',(-0.1595,-0.125,0.305));
#4815=CARTESIAN_POINT('',(-0.319,0.0625000000000008,0.305));
#4816=CARTESIAN_POINT('Origin',(-0.319,-0.125,0.305));
#4817=CARTESIAN_POINT('',(-0.319,-0.125,0.295));
#4818=CARTESIAN_POINT('',(-0.199,-0.125,0.295));
#4819=CARTESIAN_POINT('',(-0.319,-0.125,0.295));
#4820=CARTESIAN_POINT('',(-0.319,-0.125,0.305));
#4821=CARTESIAN_POINT('',(-0.199,-0.125,0.305));
#4822=CARTESIAN_POINT('Origin',(-0.259,-0.1125,0.295));
#4823=CARTESIAN_POINT('',(-0.199,-0.125,0.295));
#4824=CARTESIAN_POINT('',(-0.319,-0.1,0.295));
#4825=CARTESIAN_POINT('',(-0.289,-0.1,0.295));
#4826=CARTESIAN_POINT('',(-0.319,-0.1,0.295));
#4827=CARTESIAN_POINT('Origin',(-0.199,0.125,0.305));
#4828=CARTESIAN_POINT('',(-0.199,0.125,0.295));
#4829=CARTESIAN_POINT('',(-0.319,0.125,0.295));
#4830=CARTESIAN_POINT('',(-0.199,0.125,0.295));
#4831=CARTESIAN_POINT('',(-0.199,0.125,0.305));
#4832=CARTESIAN_POINT('',(-0.319,0.125,0.305));
#4833=CARTESIAN_POINT('Origin',(-0.259,0.1125,0.295));
#4834=CARTESIAN_POINT('',(-0.199,0.1,0.295));
#4835=CARTESIAN_POINT('',(-0.199,0.1,0.295));
#4836=CARTESIAN_POINT('',(-0.319,0.1,0.295));
#4837=CARTESIAN_POINT('',(-0.319,0.125,0.295));
#4838=CARTESIAN_POINT('',(-0.229,0.1,0.295));
#4839=CARTESIAN_POINT('Origin',(-0.199,0.1,0.305));
#4840=CARTESIAN_POINT('',(-0.319,0.1,0.305));
#4841=CARTESIAN_POINT('',(-0.199,0.1,0.305));
#4842=CARTESIAN_POINT('Origin',(-0.199,-0.1,0.305));
#4843=CARTESIAN_POINT('Origin',(-0.319,0.1,0.305));
#4844=CARTESIAN_POINT('',(-0.319,-0.1,0.305));
#4845=CARTESIAN_POINT('Origin',(-0.319,-0.1,0.305));
#4846=UNCERTAINTY_MEASURE_WITH_UNIT(LENGTH_MEASURE(0.001),#4850,
'DISTANCE_ACCURACY_VALUE',
'Maximum model space distance between geometric entities at asserted c
onnectivities');
#4847=UNCERTAINTY_MEASURE_WITH_UNIT(LENGTH_MEASURE(0.001),#4850,
'DISTANCE_ACCURACY_VALUE',
'Maximum model space distance between geometric entities at asserted c
onnectivities');
#4848=(
GEOMETRIC_REPRESENTATION_CONTEXT(3)
GLOBAL_UNCERTAINTY_ASSIGNED_CONTEXT((#4846))
GLOBAL_UNIT_ASSIGNED_CONTEXT((#4850,#4851,#4852))
REPRESENTATION_CONTEXT('','3D')
);
#4849=(
GEOMETRIC_REPRESENTATION_CONTEXT(3)
GLOBAL_UNCERTAINTY_ASSIGNED_CONTEXT((#4847))
GLOBAL_UNIT_ASSIGNED_CONTEXT((#4850,#4851,#4852))
REPRESENTATION_CONTEXT('','3D')
);
#4850=(
LENGTH_UNIT()
NAMED_UNIT(*)
SI_UNIT(.CENTI.,.METRE.)
);
#4851=(
NAMED_UNIT(*)
PLANE_ANGLE_UNIT()
SI_UNIT($,.RADIAN.)
);
#4852=(
NAMED_UNIT(*)
SI_UNIT($,.STERADIAN.)
SOLID_ANGLE_UNIT()
);
#4853=SHAPE_DEFINITION_REPRESENTATION(#4854,#4855);
#4854=PRODUCT_DEFINITION_SHAPE('',$,#4857);
#4855=SHAPE_REPRESENTATION('',(#3000),#4848);
#4856=PRODUCT_DEFINITION_CONTEXT('part definition',#4861,'design');
#4857=PRODUCT_DEFINITION('KAE03TGGx','KAE03TGGx',#4858,#4856);
#4858=PRODUCT_DEFINITION_FORMATION('',$,#4863);
#4859=PRODUCT_RELATED_PRODUCT_CATEGORY('KAE03TGGx','KAE03TGGx',(#4863));
#4860=APPLICATION_PROTOCOL_DEFINITION('international standard',
'automotive_design',2009,#4861);
#4861=APPLICATION_CONTEXT(
'Core Data for Automotive Mechanical Design Process');
#4862=PRODUCT_CONTEXT('part definition',#4861,'mechanical');
#4863=PRODUCT('KAE03TGGx','KAE03TGGx',$,(#4862));
#4864=PRESENTATION_STYLE_ASSIGNMENT((#4865));
#4865=SURFACE_STYLE_USAGE(.BOTH.,#4868);
#4866=SURFACE_STYLE_RENDERING_WITH_PROPERTIES($,#4872,(#4867));
#4867=SURFACE_STYLE_TRANSPARENT(0.);
#4868=SURFACE_SIDE_STYLE('',(#4869,#4866));
#4869=SURFACE_STYLE_FILL_AREA(#4870);
#4870=FILL_AREA_STYLE('',(#4871));
#4871=FILL_AREA_STYLE_COLOUR('',#4872);
#4872=COLOUR_RGB('',0.749019607843137,0.749019607843137,0.749019607843137);
ENDSEC;
END-ISO-10303-21;
